{"btc_idr": 1407983000.0, "ada_idr": 4586.0, "buildon_idr": 5516.0, "bnb_idr": 11218225.0, "collat_idr": 41.796, "doge_idr": 1920.0, "dogs_idr": 1.561, "eth_idr": 40400000.0, "fartcoin_idr": 4254.0, "hype_idr": 740399.0, "io_idr": 2627.0, "lunc_idr": 1.495998, "moodeng_idr": 1076.0, "payai_idr": 102.35, "pengu_idr": 180.999, "pepe_idr": 0.071344, "pippin_idr": 415.0, "shib_idr": 0.109849, "sol_idr": 1525646.0, "sui_idr": 16900.0, "ton_idr": 46473.0, "trollsol_idr": 931.0, "uai_idr": 5597.0, "whitewhale_idr": 108.0, "xaut_idr": 81597896.0, "xrp_idr": 24474.0, "zerebro_idr": 674.0, "zkj_idr": 203.0}