{"btc_idr": 1365146000.0, "buildon_idr": 7171.0, "bio_idr": 1059.0, "br_idr": 3337.0, "chillguy_idr": 244.0, "doge_idr": 1884.0, "drx_idr": 95.000037, "eth_idr": 40339000.0, "fanc_idr": 23.0, "fartcoin_idr": 3574.0, "gmmt_idr": 63.0, "lunc_idr": 1.499357, "molt_idr": 0.307, "nfp_idr": 243.0, "nova_idr": 592006.0, "op_idr": 2136.0, "pengu_idr": 172.251, "pepe_idr": 0.068762, "pippin_idr": 441.95, "rss3_idr": 108.0, "sol_idr": 1461997.0, "tria_idr": 680.0, "trollsol_idr": 771.0, "ub_idr": 1986.0, "whitewhale_idr": 112.0, "xrp_idr": 24130.0, "zerebro_idr": 440.0, "zkj_idr": 217.0}