{"btc_idr": 1106835000.0, "ada_idr": 2969.0, "aih_idr": 786122.0, "asetqu_idr": 500000.0, "beat_idr": 84506.0, "cst_idr": 2000001.0, "dlc_idr": 263.0, "doge_idr": 1521.0, "drx_idr": 52.499999, "eth_idr": 29607000.0, "fartcoin_idr": 2096.0, "gwei_idr": 3181.0, "humanity_idr": 3125.0, "home_idr": 513.0, "hype_idr": 1062277.0, "myx_idr": 4387.0, "jellyjelly_idr": 1074.665, "ondo_idr": 6505.0, "pepe_idr": 0.049555, "pippin_idr": 393.925, "portal_idr": 294.0, "sahara_idr": 345.0, "skyai_idr": 3461.0, "sol_idr": 1165185.0, "stik_idr": 336.0, "sui_idr": 13235.0, "trollsol_idr": 1302.018, "twelve_idr": 374.0, "wld_idr": 9182.0, "whitewhale_idr": 72.0, "xlm_idr": 3533.0, "xrp_idr": 20430.0, "zerebro_idr": 493.0}