{"btc_idr": 1139809000.0, "ada_idr": 3050.0, "beat_idr": 75750.0, "cst_idr": 2199997.0, "dlc_idr": 275.0, "dodo_idr": 965.0, "doge_idr": 1555.0, "drx_idr": 53.500001, "eth_idr": 30403000.0, "fartcoin_idr": 2162.0, "gwei_idr": 3245.0, "humanity_idr": 2790.0, "home_idr": 476.0, "hype_idr": 1128907.0, "myx_idr": 4771.0, "jellyjelly_idr": 1078.0, "pepe_idr": 0.050792, "pippin_idr": 404.023, "portal_idr": 280.0, "sahara_idr": 325.0, "siren_idr": 21302.0, "skyai_idr": 3472.0, "sol_idr": 1205000.0, "stik_idr": 337.0, "sui_idr": 13576.0, "trollsol_idr": 1425.004, "twelve_idr": 385.0, "wld_idr": 9248.0, "whitewhale_idr": 73.0, "xlm_idr": 3600.0, "xrp_idr": 21143.0, "zerebro_idr": 522.0}