{"btc_idr": 1314000000.0, "aitech_idr": 130.0, "beat_idr": 19735.0, "degen_idr": 17.0, "dgb_idr": 76.0, "doge_idr": 1776.0, "drx_idr": 80.100056, "eden_idr": 994.0, "edena_idr": 605.0, "eth_idr": 35805000.0, "fartcoin_idr": 2920.0, "fun_idr": 18.439, "hart_idr": 16.0, "hbar_idr": 1655.0, "hifi_idr": 66.0, "hype_idr": 1120298.0, "jellyjelly_idr": 1034.62, "koma_idr": 133.524, "molt_idr": 0.2609, "nxa_idr": 28013.0, "ondo_idr": 6635.0, "payai_idr": 136.0, "pengu_idr": 137.616, "pepe_idr": 0.060635, "pippin_idr": 336.0, "red2_idr": 62929.0, "sol_idr": 1466609.0, "sui_idr": 16447.0, "tlm_idr": 142.0, "trollsol_idr": 1267.902, "twelve_idr": 614.0, "whitewhale_idr": 99.0, "xlm_idr": 3849.0, "xrp_idr": 23493.0, "zerebro_idr": 445.0}