{"btc_idr": 1308764000.0, "beat_idr": 17467.0, "degen_idr": 17.0, "dgb_idr": 98.0, "doge_idr": 1763.0, "eden_idr": 1013.0, "edena_idr": 662.0, "eth_idr": 35723000.0, "fartcoin_idr": 2879.0, "fun_idr": 18.507, "hart_idr": 16.0, "hbar_idr": 1621.0, "hifi_idr": 67.0, "hype_idr": 1090000.0, "islm_idr": 170.0, "jellyjelly_idr": 1068.835, "molt_idr": 0.260004, "ondo_idr": 6496.0, "pengu_idr": 136.675, "pepe_idr": 0.060071, "pippin_idr": 339.66, "red2_idr": 60800.0, "sol_idr": 1455598.0, "sui_idr": 16401.0, "tlm_idr": 280.0, "trollsol_idr": 1248.001, "trx_idr": 6230.0, "whitewhale_idr": 100.0, "xlm_idr": 3632.0, "xrp_idr": 23316.0, "zerebro_idr": 440.0}