{"btc_idr": 1168738000.0, "ada_idr": 3101.0, "beat_idr": 52613.0, "bnb_idr": 10725494.0, "br_idr": 2856.0, "doge_idr": 1547.0, "eth_idr": 31663000.0, "fartcoin_idr": 2379.0, "humanity_idr": 2838.0, "hype_idr": 1307888.0, "myx_idr": 2900.0, "jellyjelly_idr": 1055.467, "ondo_idr": 6589.0, "pepe_idr": 0.051862, "pippin_idr": 326.052, "portal_idr": 296.0, "puffer_idr": 380.0, "rvm_idr": 8.0, "shib_idr": 0.088056, "siren_idr": 838.0, "skyai_idr": 7560.0, "sol_idr": 1299851.0, "spx_idr": 6776.0, "syn_idr": 4148.0, "trollsol_idr": 1328.083, "wld_idr": 11450.0, "xlm_idr": 3950.0, "xrp_idr": 21554.0, "zerebro_idr": 416.0}