{"btc_idr": 1415000000.0, "ada_idr": 4617.0, "buildon_idr": 5600.0, "collat_idr": 42.844, "doge_idr": 1958.0, "dogs_idr": 1.0, "eth_idr": 40821000.0, "fartcoin_idr": 4388.0, "glch_idr": 39.0, "honey_idr": 40.0, "hype_idr": 750100.0, "io_idr": 2635.0, "jellyjelly_idr": 925.123, "lunc_idr": 1.773001, "moodeng_idr": 1118.0, "payai_idr": 108.1, "pengu_idr": 186.386, "pepe_idr": 0.072101, "pippin_idr": 423.85, "shib_idr": 0.111097, "sol_idr": 1550007.0, "sui_idr": 17276.0, "ton_idr": 41489.0, "trollsol_idr": 902.0, "whitewhale_idr": 114.0, "xaut_idr": 81483384.0, "xrp_idr": 24780.0, "zerebro_idr": 709.0, "zkj_idr": 206.0}