{"btc_idr": 1391199000.0, "buildon_idr": 6407.0, "bio_idr": 970.0, "br_idr": 3553.0, "chillguy_idr": 292.0, "doge_idr": 1916.0, "drx_idr": 93.000001, "eth_idr": 40900000.0, "fartcoin_idr": 3595.0, "fwog_idr": 120.0, "giga_idr": 39.0, "gmmt_idr": 62.0, "hype_idr": 730084.0, "jellyjelly_idr": 944.998, "molt_idr": 0.305955, "moodeng_idr": 1070.0, "mubarak_idr": 301.992, "pengu_idr": 178.834, "pepe_idr": 0.069698, "pippin_idr": 442.8, "rss3_idr": 165.0, "sol_idr": 1460981.0, "trollsol_idr": 805.308, "twelve_idr": 387.0, "ub_idr": 2126.0, "whitewhale_idr": 109.0, "xaut_idr": 78520011.0, "xrp_idr": 24235.0, "zerebro_idr": 599.0, "zkj_idr": 220.0}