{"btc_idr": 1419999000.0, "ada_idr": 4509.0, "buildon_idr": 7200.0, "br_idr": 3222.0, "celo_idr": 1731.0, "chillguy_idr": 303.0, "doge_idr": 1973.0, "dogs_idr": 1.033, "eth_idr": 41374000.0, "fartcoin_idr": 3949.0, "hive_idr": 1279.0, "hype_idr": 770813.0, "jellyjelly_idr": 947.0, "lunc_idr": 1.900004, "molt_idr": 0.339995, "moodeng_idr": 1097.0, "paxg_idr": 79426867.0, "payai_idr": 150.001, "pengu_idr": 197.909, "pepe_idr": 0.071741, "pippin_idr": 438.008, "poly_idr": 288.0, "rss3_idr": 123.0, "shib_idr": 0.11, "sol_idr": 1507140.0, "sui_idr": 16727.0, "ton_idr": 32724.0, "trollsol_idr": 780.019, "trx_idr": 6001.0, "whitewhale_idr": 118.0, "xaut_idr": 79240001.0, "xrp_idr": 24587.0, "zerebro_idr": 520.0, "zkj_idr": 214.0}