{"btc_idr": 1358784000.0, "buildon_idr": 7398.0, "bio_idr": 970.0, "br_idr": 3302.0, "chillguy_idr": 256.0, "doge_idr": 1874.0, "drx_idr": 93.0, "eth_idr": 40064000.0, "fanc_idr": 28.0, "fartcoin_idr": 3500.0, "knc_idr": 2882.0, "lunc_idr": 1.469888, "molt_idr": 0.317993, "nfp_idr": 245.0, "nova_idr": 665000.0, "op_idr": 2164.0, "pengu_idr": 168.952, "pepe_idr": 0.068443, "pippin_idr": 440.418, "rss3_idr": 124.0, "sol_idr": 1453119.0, "tria_idr": 753.002, "trollsol_idr": 630.0, "ub_idr": 1936.0, "whitewhale_idr": 102.0, "xrp_idr": 24080.0, "zen_idr": 112805.0, "zerebro_idr": 441.0, "zkj_idr": 211.0}