{"btc_idr": 1349999000.0, "buildon_idr": 5054.0, "bio_idr": 699.0, "br_idr": 3145.0, "doge_idr": 1887.0, "eth_idr": 39795000.0, "fartcoin_idr": 3550.0, "home_idr": 255.0, "hype_idr": 707887.0, "myx_idr": 4579.0, "molt_idr": 0.415001, "nfp_idr": 329.0, "orca_idr": 33580.0, "pengu_idr": 172.829, "pepe_idr": 0.068683, "pippin_idr": 457.543, "poly_idr": 270.0, "sol_idr": 1455019.0, "sto_idr": 1575.0, "ub_idr": 2280.0, "whitewhale_idr": 113.0, "xr_idr": 129.0, "xrp_idr": 24096.0, "zerebro_idr": 612.0, "zkj_idr": 242.0}