{"btc_idr": 1350145000.0, "buildon_idr": 6146.0, "b2_idr": 10597.0, "bio_idr": 951.0, "br_idr": 3314.0, "chillguy_idr": 267.0, "doge_idr": 1861.0, "drx_idr": 117.499972, "eth_idr": 39713000.0, "fartcoin_idr": 3508.0, "hype_idr": 707731.0, "knc_idr": 3075.0, "lunc_idr": 1.467, "molt_idr": 0.347079, "nfp_idr": 284.0, "op_idr": 2109.0, "orca_idr": 36998.0, "pengu_idr": 166.928, "pepe_idr": 0.068, "pippin_idr": 444.998, "sol_idr": 1444008.0, "trollsol_idr": 488.9, "ub_idr": 2710.0, "whitewhale_idr": 102.0, "wlfi_idr": 961.0, "xrp_idr": 23905.0, "zen_idr": 103184.0, "zerebro_idr": 415.0, "zkj_idr": 214.0}