{"btc_idr": 1354889000.0, "buildon_idr": 5206.0, "bio_idr": 699.0, "br_idr": 3102.0, "doge_idr": 1887.0, "eth_idr": 39833000.0, "fartcoin_idr": 3579.0, "home_idr": 256.0, "hype_idr": 708493.0, "myx_idr": 4625.0, "molt_idr": 0.425996, "nfp_idr": 338.0, "orca_idr": 33870.0, "pengu_idr": 173.731, "pepe_idr": 0.06914, "pippin_idr": 453.002, "poly_idr": 278.0, "sol_idr": 1457448.0, "sto_idr": 1571.0, "ub_idr": 2254.0, "whitewhale_idr": 113.0, "xr_idr": 133.0, "xrp_idr": 24096.0, "zerebro_idr": 595.0, "zkj_idr": 242.0}