{"btc_idr": 1145152000.0, "beat_idr": 182642.0, "br_idr": 2630.0, "dar_idr": 95.0, "dlc_idr": 160.0, "doge_idr": 1561.0, "eth_idr": 30253000.0, "fartcoin_idr": 2091.0, "humanity_idr": 3100.0, "hart_idr": 33.0, "hmstr_idr": 4.813, "home_idr": 556.0, "hype_idr": 1056884.0, "spaceid_idr": 623.0, "jellyjelly_idr": 1054.669, "pepe_idr": 0.05048, "pippin_idr": 384.997, "shib_idr": 0.087525, "siren_idr": 10407.0, "skyai_idr": 4599.0, "sol_idr": 1208162.0, "stg_idr": 12000.0, "stik_idr": 298.0, "sui_idr": 13738.0, "twelve_idr": 368.0, "ub_idr": 2659.0, "wld_idr": 9000.0, "xaut_idr": 75900000.0, "xrp_idr": 20588.0, "zerebro_idr": 493.0}