{"btc_idr": 1355947000.0, "buildon_idr": 7500.0, "b2_idr": 11102.0, "bio_idr": 931.0, "br_idr": 3150.0, "chillguy_idr": 252.0, "doge_idr": 1868.0, "drx_idr": 111.0, "eth_idr": 39989000.0, "fartcoin_idr": 3501.0, "knc_idr": 2976.0, "lunc_idr": 1.44685, "molt_idr": 0.35, "nfp_idr": 248.0, "op_idr": 2103.0, "orca_idr": 35725.0, "pengu_idr": 169.055, "pepe_idr": 0.068085, "pippin_idr": 442.262, "rss3_idr": 135.0, "sol_idr": 1450476.0, "trollsol_idr": 564.0, "ub_idr": 2185.0, "whitewhale_idr": 105.0, "xrp_idr": 24020.0, "zen_idr": 105494.0, "zerebro_idr": 448.0, "zkj_idr": 215.0}