{"btc_idr": 1372662000.0, "anoa_idr": 820467.0, "aura_idr": 301.0, "buildon_idr": 7112.0, "bnkr_idr": 10.197, "doge_idr": 1925.0, "eth_idr": 38204000.0, "fartcoin_idr": 3411.0, "hart_idr": 23.0, "hype_idr": 716927.0, "jellyjelly_idr": 1090.0, "pengu_idr": 148.853, "pepe_idr": 0.066302, "pippin_idr": 429.913, "shib_idr": 0.103728, "siren_idr": 9050.0, "sol_idr": 1519372.0, "sui_idr": 18801.0, "sundog_idr": 119.0, "trollsol_idr": 2033.001, "whitewhale_idr": 116.0, "xrp_idr": 24826.0, "zerebro_idr": 468.0, "zkj_idr": 212.0}