{"btc_idr": 1408002000.0, "buildon_idr": 6150.0, "chillguy_idr": 301.0, "doge_idr": 1943.0, "dogs_idr": 1.204, "drx_idr": 96.998972, "eth_idr": 41384000.0, "fartcoin_idr": 3730.0, "fwog_idr": 109.0, "giga_idr": 36.0, "hype_idr": 746620.0, "jellyjelly_idr": 1000.0, "lunc_idr": 1.7106, "moodeng_idr": 1102.0, "mubarak_idr": 288.992, "orc_idr": 25.0, "paxg_idr": 79357080.0, "pengu_idr": 190.0, "pepe_idr": 0.070995, "pippin_idr": 436.0, "poly_idr": 315.0, "rss3_idr": 132.0, "sol_idr": 1477637.0, "ton_idr": 31798.0, "trollsol_idr": 844.0, "ub_idr": 2339.0, "whitewhale_idr": 116.0, "xaut_idr": 79097597.0, "xrp_idr": 24516.0, "zerebro_idr": 627.0, "zkj_idr": 215.0}