{"btc_idr": 1133309000.0, "ada_idr": 3028.0, "asetqu_idr": 500000.0, "beat_idr": 79454.0, "cst_idr": 1950000.0, "dlc_idr": 280.0, "dodo_idr": 750.0, "doge_idr": 1551.0, "drx_idr": 51.735991, "eth_idr": 30321000.0, "fartcoin_idr": 2171.0, "humanity_idr": 3350.0, "home_idr": 537.0, "hype_idr": 1120146.0, "myx_idr": 4664.0, "jellyjelly_idr": 1092.387, "ondo_idr": 6600.0, "pepe_idr": 0.050757, "pippin_idr": 408.965, "portal_idr": 294.0, "sahara_idr": 365.0, "skyai_idr": 3606.0, "sol_idr": 1196644.0, "stik_idr": 342.0, "sui_idr": 13640.0, "trollsol_idr": 1402.69, "twelve_idr": 381.0, "wld_idr": 9499.0, "whitewhale_idr": 73.0, "xlm_idr": 3580.0, "xrp_idr": 20955.0, "zerebro_idr": 532.0}