{"btc_idr": 1388001000.0, "buildon_idr": 6998.0, "bio_idr": 991.0, "br_idr": 3583.0, "chillguy_idr": 299.0, "doge_idr": 1915.0, "drx_idr": 99.219916, "eth_idr": 40816000.0, "fartcoin_idr": 3600.0, "fwog_idr": 121.0, "giga_idr": 40.0, "gmmt_idr": 61.0, "hype_idr": 723302.0, "jellyjelly_idr": 938.261, "molt_idr": 0.3, "moodeng_idr": 1058.0, "mubarak_idr": 292.166, "pengu_idr": 173.793, "pepe_idr": 0.069719, "pippin_idr": 437.902, "rss3_idr": 136.0, "sol_idr": 1466023.0, "trollsol_idr": 800.0, "twelve_idr": 388.0, "ub_idr": 2205.0, "whitewhale_idr": 111.0, "xaut_idr": 78520013.0, "xrp_idr": 24214.0, "zerebro_idr": 570.0, "zkj_idr": 223.0}