{"btc_idr": 1371163000.0, "alt_idr": 8.0, "aura_idr": 315.0, "bnkr_idr": 10.628, "cgpt_idr": 650.0, "doge_idr": 1943.0, "eth_idr": 38448000.0, "fartcoin_idr": 3432.0, "hype_idr": 751315.0, "jellyjelly_idr": 1142.741, "molt_idr": 0.3713, "pepe_idr": 0.066357, "pippin_idr": 427.578, "pols_idr": 1535.0, "shib_idr": 0.102051, "sol_idr": 1523588.0, "sui_idr": 18978.0, "sundog_idr": 111.0, "trollsol_idr": 2073.673, "whitewhale_idr": 114.0, "xrp_idr": 24863.0, "zerebro_idr": 435.0, "zkj_idr": 208.0}