{"btc_idr": 1347172000.0, "buildon_idr": 4976.0, "bio_idr": 701.0, "br_idr": 3255.0, "doge_idr": 1893.0, "eth_idr": 39710000.0, "fartcoin_idr": 3539.0, "home_idr": 257.0, "hype_idr": 707663.0, "myx_idr": 4581.0, "molt_idr": 0.434985, "nfp_idr": 333.0, "orca_idr": 33859.0, "pengu_idr": 172.719, "pepe_idr": 0.068357, "pippin_idr": 451.684, "poly_idr": 271.0, "sol_idr": 1449563.0, "sto_idr": 1575.0, "ub_idr": 2273.0, "whitewhale_idr": 114.0, "xr_idr": 127.0, "xrp_idr": 24028.0, "zerebro_idr": 592.0, "zkj_idr": 244.0}