{"btc_idr": 1419506000.0, "ada_idr": 4467.0, "buildon_idr": 7390.0, "br_idr": 3129.0, "celo_idr": 2044.0, "chillguy_idr": 312.0, "doge_idr": 1958.0, "dogs_idr": 1.046, "eth_idr": 41428000.0, "fartcoin_idr": 3853.0, "fwog_idr": 105.0, "giga_idr": 37.0, "hive_idr": 1322.0, "hype_idr": 765237.0, "jellyjelly_idr": 953.354, "lunc_idr": 2.0, "paxg_idr": 79769991.0, "pengu_idr": 198.001, "pepe_idr": 0.071077, "pippin_idr": 437.438, "poly_idr": 281.0, "rss3_idr": 124.0, "shib_idr": 0.109503, "sol_idr": 1489000.0, "sui_idr": 16806.0, "ton_idr": 31458.0, "trollsol_idr": 815.991, "whitewhale_idr": 117.0, "xaut_idr": 79360000.0, "xrp_idr": 24600.0, "zerebro_idr": 556.0, "zkj_idr": 213.0}