{"btc_idr": 1307278000.0, "aitech_idr": 145.0, "asetqu_idr": 500226.0, "bnb_idr": 11431920.0, "dgb_idr": 84.0, "dodo_idr": 1133.0, "doge_idr": 1775.0, "drx_idr": 82.500138, "eden_idr": 946.0, "edena_idr": 614.0, "eth_idr": 35813000.0, "fartcoin_idr": 2840.0, "hbar_idr": 1665.0, "hype_idr": 1148002.0, "koma_idr": 122.093, "nxa_idr": 25795.0, "ondo_idr": 6440.0, "pepe_idr": 0.060329, "pippin_idr": 337.852, "red2_idr": 60490.0, "sol_idr": 1455774.0, "sui_idr": 16103.0, "syn_idr": 1365.0, "tlm_idr": 109.0, "trollsol_idr": 1573.0, "twelve_idr": 396.0, "whitewhale_idr": 99.0, "xlm_idr": 4358.0, "xrp_idr": 23465.0, "zerebro_idr": 413.0}