{"btc_idr": 1313501000.0, "anoa_idr": 755105.0, "beat_idr": 18000.0, "doge_idr": 1777.0, "eden_idr": 1078.0, "edena_idr": 827.0, "eth_idr": 35899000.0, "fartcoin_idr": 2925.0, "fun_idr": 17.879, "hart_idr": 17.0, "hbar_idr": 1644.0, "hifi_idr": 71.0, "hype_idr": 1095998.0, "myx_idr": 3646.0, "islm_idr": 179.0, "jellyjelly_idr": 1094.867, "molt_idr": 0.263564, "ondo_idr": 6614.0, "pengu_idr": 138.516, "pepe_idr": 0.060447, "pippin_idr": 345.0, "red2_idr": 82852.0, "sol_idr": 1465700.0, "sui_idr": 16661.0, "trollsol_idr": 1372.942, "trx_idr": 6280.0, "whitewhale_idr": 102.0, "xaut_idr": 79714745.0, "xlm_idr": 3687.0, "xrp_idr": 23513.0, "zerebro_idr": 403.0}