{"btc_idr": 1367404000.0, "buildon_idr": 6500.0, "bio_idr": 975.0, "chillguy_idr": 278.0, "dar_idr": 269.0, "doge_idr": 1916.0, "drx_idr": 91.400015, "eth_idr": 40456000.0, "fartcoin_idr": 3609.0, "fwog_idr": 103.0, "giga_idr": 48.0, "gmmt_idr": 64.0, "hype_idr": 717268.0, "molt_idr": 0.303, "pengu_idr": 171.103, "pepe_idr": 0.06885, "pippin_idr": 435.0, "rss3_idr": 108.0, "sol_idr": 1455500.0, "trollsol_idr": 806.002, "twelve_idr": 379.0, "ub_idr": 2231.0, "whitewhale_idr": 112.0, "xaut_idr": 79397494.0, "xrp_idr": 24161.0, "zerebro_idr": 532.0, "zkj_idr": 227.0}