{"btc_idr": 1405309000.0, "ada_idr": 4917.0, "aih_idr": 732999.0, "asetqu_idr": 500015.0, "aura_idr": 536.0, "bio_idr": 902.0, "bnb_idr": 11444405.0, "brett_idr": 176.0, "doge_idr": 1908.0, "eth_idr": 40661000.0, "fartcoin_idr": 4511.0, "giga_idr": 64.0, "hbar_idr": 1697.0, "hype_idr": 743851.0, "islm_idr": 241.0, "jellyjelly_idr": 977.899, "kdag_idr": 18.0, "moodeng_idr": 1166.0, "ondo_idr": 7194.0, "pengu_idr": 185.549, "pepe_idr": 0.076896, "pippin_idr": 451.923, "ponke_idr": 731.0, "rfc_idr": 16.31, "rss3_idr": 211.0, "shib_idr": 0.114759, "sol_idr": 1655555.0, "solayer_idr": 2246.0, "sui_idr": 23593.0, "sundog_idr": 109.0, "ton_idr": 41596.0, "trollsol_idr": 2100.0, "whitewhale_idr": 124.0, "xrp_idr": 25553.0, "zerebro_idr": 818.0, "zkj_idr": 220.0, "zora_idr": 244.0}