{"btc_idr": 1372002000.0, "alt_idr": 8.0, "aura_idr": 338.0, "cgpt_idr": 639.0, "doge_idr": 1957.0, "eth_idr": 38459000.0, "fartcoin_idr": 3411.0, "hype_idr": 748970.0, "jellyjelly_idr": 1120.001, "molt_idr": 0.359799, "pepe_idr": 0.065962, "pippin_idr": 427.34, "pols_idr": 1506.0, "sol_idr": 1514505.0, "sui_idr": 18699.0, "sundog_idr": 110.0, "trollsol_idr": 2115.0, "ub_idr": 2498.0, "whitewhale_idr": 112.0, "xrp_idr": 24901.0, "zerebro_idr": 474.0, "zkj_idr": 209.0}