{"btc_idr": 1378800000.0, "buildon_idr": 5881.0, "bio_idr": 1039.0, "br_idr": 3507.0, "doge_idr": 1943.0, "drx_idr": 91.010001, "eth_idr": 40867000.0, "fanc_idr": 23.0, "fartcoin_idr": 3670.0, "fwog_idr": 113.0, "giga_idr": 41.0, "gmmt_idr": 65.0, "humanity_idr": 3540.0, "hype_idr": 722999.0, "molt_idr": 0.319998, "nova_idr": 599999.0, "pengu_idr": 175.925, "pepe_idr": 0.069585, "pippin_idr": 445.241, "rss3_idr": 110.0, "sol_idr": 1469556.0, "tria_idr": 780.0, "trollsol_idr": 870.0, "twelve_idr": 386.0, "ub_idr": 2290.0, "whitewhale_idr": 110.0, "xrp_idr": 24503.0, "zen_idr": 125000.0, "zerebro_idr": 536.0, "zkj_idr": 223.0}