{"btc_idr": 1144758000.0, "beat_idr": 175302.0, "br_idr": 2650.0, "dar_idr": 99.0, "dlc_idr": 160.0, "doge_idr": 1555.0, "eth_idr": 30152000.0, "fartcoin_idr": 2101.0, "humanity_idr": 2944.0, "hart_idr": 32.0, "hmstr_idr": 5.063, "home_idr": 555.0, "hype_idr": 1055000.0, "jellyjelly_idr": 1049.003, "pepe_idr": 0.050493, "pippin_idr": 382.22, "sahara_idr": 293.0, "shib_idr": 0.087367, "siren_idr": 10470.0, "skyai_idr": 4471.0, "sol_idr": 1203000.0, "stg_idr": 10450.0, "stik_idr": 294.0, "sui_idr": 13779.0, "twelve_idr": 372.0, "ub_idr": 2543.0, "wld_idr": 8855.0, "xaut_idr": 75256837.0, "xrp_idr": 20468.0, "zerebro_idr": 483.0}