{"btc_idr": 1204364000.0, "ada_idr": 3865.0, "avnt_idr": 2465.0, "bnb_idr": 11482782.0, "bp_idr": 4095.0, "dodo_idr": 1350.0, "doge_idr": 1685.0, "drx_idr": 64.612179, "ena_idr": 2054.0, "eth_idr": 33498000.0, "ever_idr": 110.0, "fartcoin_idr": 2644.0, "humanity_idr": 10678.0, "hype_idr": 1305585.0, "myx_idr": 6805.0, "jellyjelly_idr": 1145.0, "near_idr": 55917.0, "ondo_idr": 7710.0, "pepe_idr": 0.057908, "pippin_idr": 307.8, "pond_idr": 64.001, "portal_idr": 437.0, "sapien_idr": 1691.0, "skyai_idr": 3000.0, "sol_idr": 1341471.0, "syn_idr": 1713.0, "tlm_idr": 105.0, "trollsol_idr": 1438.951, "ub_idr": 2006.0, "wld_idr": 9434.0, "whitewhale_idr": 82.0, "xlm_idr": 4076.0, "xrp_idr": 22173.0, "zen_idr": 98997.0, "zerebro_idr": 430.0, "zkj_idr": 158.0, "zora_idr": 208.974}