{"btc_idr": 1414360000.0, "ada_idr": 4598.0, "buildon_idr": 7947.0, "br_idr": 3145.0, "celo_idr": 1711.0, "chillguy_idr": 295.0, "doge_idr": 2013.0, "dogs_idr": 1.17, "eth_idr": 41200000.0, "fartcoin_idr": 4013.0, "hive_idr": 1322.0, "hype_idr": 773261.0, "jellyjelly_idr": 939.723, "lunc_idr": 1.93214, "molt_idr": 0.34505, "moodeng_idr": 1105.0, "paxg_idr": 79308095.0, "payai_idr": 150.0, "pengu_idr": 192.168, "pepe_idr": 0.072058, "pippin_idr": 440.0, "poly_idr": 281.0, "rss3_idr": 122.0, "shib_idr": 0.111015, "sol_idr": 1505495.0, "sui_idr": 16928.0, "ton_idr": 34740.0, "trollsol_idr": 763.769, "trx_idr": 6012.0, "whitewhale_idr": 117.0, "xaut_idr": 79097630.0, "xrp_idr": 24595.0, "zerebro_idr": 519.0, "zkj_idr": 212.0}