{"btc_idr": 1353762000.0, "aitech_idr": 247.0, "buildon_idr": 5700.0, "b2_idr": 11212.0, "bio_idr": 990.0, "br_idr": 2721.0, "chillguy_idr": 244.0, "doge_idr": 1869.0, "drx_idr": 104.899994, "eth_idr": 39850000.0, "fartcoin_idr": 3569.0, "hnst_idr": 33.0, "hype_idr": 720987.0, "molt_idr": 0.356031, "nfp_idr": 286.0, "op_idr": 2138.0, "orca_idr": 35399.0, "pengu_idr": 170.997, "pepe_idr": 0.0684, "pippin_idr": 463.002, "sol_idr": 1451953.0, "trollsol_idr": 372.0, "ub_idr": 2724.0, "wlfi_idr": 960.0, "xrp_idr": 24025.0, "zen_idr": 105005.0, "zerebro_idr": 472.0, "zkj_idr": 230.0}