{"btc_idr": 1347172000.0, "buildon_idr": 5003.0, "bio_idr": 701.0, "br_idr": 3246.0, "doge_idr": 1888.0, "eth_idr": 39710000.0, "fartcoin_idr": 3539.0, "home_idr": 257.0, "hype_idr": 703077.0, "myx_idr": 4581.0, "molt_idr": 0.431201, "nfp_idr": 333.0, "orca_idr": 33859.0, "pengu_idr": 172.726, "pepe_idr": 0.068309, "pippin_idr": 451.901, "poly_idr": 271.0, "sol_idr": 1450004.0, "sto_idr": 1580.0, "ub_idr": 2221.0, "whitewhale_idr": 114.0, "xr_idr": 126.0, "xrp_idr": 24028.0, "zerebro_idr": 597.0, "zkj_idr": 243.0}