{"btc_idr": 1415782000.0, "ada_idr": 4625.0, "buildon_idr": 5513.0, "bnb_idr": 11280814.0, "collat_idr": 42.844, "doge_idr": 1959.0, "dogs_idr": 0.974, "eth_idr": 40787000.0, "fartcoin_idr": 4329.0, "glch_idr": 39.0, "honey_idr": 39.0, "hype_idr": 748816.0, "io_idr": 2584.0, "jellyjelly_idr": 931.907, "lunc_idr": 1.852799, "payai_idr": 113.502, "pengu_idr": 186.12, "pepe_idr": 0.072201, "pippin_idr": 423.444, "shib_idr": 0.11064, "sol_idr": 1548359.0, "sui_idr": 17272.0, "ton_idr": 41126.0, "trollsol_idr": 921.01, "whitewhale_idr": 113.0, "xaut_idr": 81250000.0, "xrp_idr": 24785.0, "zerebro_idr": 675.0, "zkj_idr": 207.0}