{"btc_idr": 1370000000.0, "alt_idr": 8.0, "aura_idr": 309.0, "cgpt_idr": 633.0, "doge_idr": 1930.0, "eden_idr": 961.0, "eth_idr": 38256000.0, "fartcoin_idr": 3389.0, "hype_idr": 772438.0, "jellyjelly_idr": 1087.107, "kaia_idr": 957.0, "molt_idr": 0.341029, "pepe_idr": 0.065226, "pippin_idr": 423.098, "sol_idr": 1511538.0, "sui_idr": 18611.0, "sundog_idr": 113.0, "trollsol_idr": 2149.0, "ub_idr": 2725.0, "whitewhale_idr": 112.0, "xrp_idr": 24745.0, "zerebro_idr": 446.0}