{"btc_idr": 1373200000.0, "anoa_idr": 818001.0, "aura_idr": 316.0, "buildon_idr": 6963.0, "bnkr_idr": 10.2, "doge_idr": 1923.0, "eth_idr": 38311000.0, "fartcoin_idr": 3404.0, "hart_idr": 23.0, "hype_idr": 735908.0, "jellyjelly_idr": 1108.908, "pengu_idr": 149.241, "pepe_idr": 0.066155, "pippin_idr": 429.199, "pols_idr": 1591.0, "shib_idr": 0.103883, "siren_idr": 8979.0, "sol_idr": 1523772.0, "sui_idr": 18801.0, "sundog_idr": 126.0, "trollsol_idr": 2102.993, "whitewhale_idr": 122.0, "xrp_idr": 24892.0, "zerebro_idr": 447.0, "zkj_idr": 208.0}