{"btc_idr": 1382999000.0, "ada_idr": 4533.0, "buildon_idr": 6400.0, "dar_idr": 253.0, "doge_idr": 1846.0, "dogs_idr": 1.424, "dvi_idr": 2.0, "efi_idr": 332.0, "eth_idr": 39561000.0, "fartcoin_idr": 4306.0, "fwog_idr": 131.0, "high_idr": 3739.0, "islm_idr": 302.0, "jto_idr": 9887.0, "ondo_idr": 6430.0, "pengu_idr": 177.893, "pepe_idr": 0.071916, "pippin_idr": 426.084, "shib_idr": 0.10897, "siren_idr": 18850.0, "sol_idr": 1532470.0, "ton_idr": 47303.0, "trollsol_idr": 819.0, "whitewhale_idr": 117.0, "xaut_idr": 81400014.0, "xrp_idr": 23999.0, "zerebro_idr": 652.0, "zkj_idr": 238.0}