{"btc_idr": 1355284000.0, "buildon_idr": 5466.0, "b2_idr": 10325.0, "bio_idr": 1008.0, "br_idr": 2841.0, "chillguy_idr": 272.0, "doge_idr": 1870.0, "drx_idr": 114.00007, "eth_idr": 39888000.0, "fartcoin_idr": 3580.0, "hnst_idr": 33.0, "hype_idr": 714000.0, "molt_idr": 0.3469, "nfp_idr": 293.0, "op_idr": 2162.0, "orca_idr": 36124.0, "pengu_idr": 170.91, "pepe_idr": 0.068617, "pippin_idr": 447.493, "pol_idr": 1672.0, "sol_idr": 1455951.0, "trollsol_idr": 470.003, "ub_idr": 2628.0, "wlfi_idr": 955.0, "xrp_idr": 24023.0, "zen_idr": 104509.0, "zerebro_idr": 447.0, "zkj_idr": 228.0}