{"btc_idr": 1349883000.0, "buildon_idr": 5334.0, "bio_idr": 703.0, "br_idr": 2999.0, "doge_idr": 1876.0, "eth_idr": 39610000.0, "fartcoin_idr": 3560.0, "home_idr": 252.0, "hype_idr": 707997.0, "myx_idr": 4509.0, "molt_idr": 0.384509, "nfp_idr": 300.0, "orca_idr": 33998.0, "pengu_idr": 170.002, "pepe_idr": 0.067965, "pippin_idr": 451.932, "poly_idr": 268.0, "sol_idr": 1446899.0, "sto_idr": 1569.0, "trollsol_idr": 370.0, "ub_idr": 2218.0, "whitewhale_idr": 112.0, "xr_idr": 118.0, "xrp_idr": 23901.0, "zerebro_idr": 531.0, "zkj_idr": 246.0}