{"btc_idr": 1372994000.0, "anoa_idr": 815015.0, "aura_idr": 321.0, "buildon_idr": 6930.0, "bnkr_idr": 10.28, "doge_idr": 1924.0, "eth_idr": 38262000.0, "fartcoin_idr": 3414.0, "hart_idr": 23.0, "hype_idr": 726495.0, "jellyjelly_idr": 1130.721, "pengu_idr": 148.297, "pepe_idr": 0.06633, "pippin_idr": 427.466, "pols_idr": 1629.0, "shib_idr": 0.103883, "siren_idr": 9049.0, "sol_idr": 1521017.0, "sui_idr": 18801.0, "sundog_idr": 120.0, "trollsol_idr": 2010.0, "whitewhale_idr": 118.0, "xrp_idr": 24830.0, "zerebro_idr": 455.0, "zkj_idr": 208.0}