{"btc_idr": 1373498000.0, "anoa_idr": 849466.0, "aura_idr": 331.0, "buildon_idr": 6946.0, "bnkr_idr": 10.739, "doge_idr": 1923.0, "eth_idr": 38311000.0, "fartcoin_idr": 3401.0, "hart_idr": 22.0, "hype_idr": 737750.0, "jellyjelly_idr": 1113.98, "pengu_idr": 148.852, "pepe_idr": 0.066062, "pippin_idr": 429.015, "pols_idr": 1590.0, "shib_idr": 0.103883, "siren_idr": 8901.0, "sol_idr": 1521924.0, "sui_idr": 18816.0, "sundog_idr": 125.0, "trollsol_idr": 2052.0, "whitewhale_idr": 121.0, "xrp_idr": 24801.0, "zerebro_idr": 450.0, "zkj_idr": 210.0}