{"btc_idr": 1359208000.0, "buildon_idr": 7242.0, "bio_idr": 976.0, "br_idr": 3232.0, "chillguy_idr": 258.0, "doge_idr": 1875.0, "drx_idr": 94.999999, "eth_idr": 40100000.0, "fanc_idr": 25.0, "fartcoin_idr": 3514.0, "gmmt_idr": 70.0, "knc_idr": 3008.0, "lunc_idr": 1.435065, "molt_idr": 0.3211, "nfp_idr": 246.0, "nova_idr": 720000.0, "op_idr": 2112.0, "pengu_idr": 169.44, "pepe_idr": 0.068612, "pippin_idr": 440.05, "rss3_idr": 121.0, "sol_idr": 1453276.0, "tria_idr": 701.111, "trollsol_idr": 664.992, "ub_idr": 2090.0, "whitewhale_idr": 105.0, "xrp_idr": 24078.0, "zen_idr": 113284.0, "zerebro_idr": 425.0, "zkj_idr": 214.0}