{"btc_idr": 1421215000.0, "ada_idr": 4613.0, "buildon_idr": 5900.0, "bnb_idr": 11287319.0, "br_idr": 2815.0, "chillguy_idr": 327.0, "collat_idr": 40.501, "doge_idr": 1972.0, "dogs_idr": 0.953, "eth_idr": 41131000.0, "fartcoin_idr": 4210.0, "glch_idr": 39.0, "hive_idr": 1160.0, "honey_idr": 38.0, "hype_idr": 762063.0, "io_idr": 2689.0, "jellyjelly_idr": 948.626, "lunc_idr": 1.82, "moodeng_idr": 1115.0, "paxg_idr": 80941445.0, "payai_idr": 121.502, "pengu_idr": 189.655, "pepe_idr": 0.071882, "pippin_idr": 421.954, "shib_idr": 0.110492, "sol_idr": 1538124.0, "sui_idr": 17151.0, "ton_idr": 40149.0, "trollsol_idr": 967.0, "whitewhale_idr": 111.0, "xaut_idr": 81499997.0, "xrp_idr": 24770.0, "zerebro_idr": 626.0, "zkj_idr": 206.0}