{"btc_idr": 1358796000.0, "buildon_idr": 7047.0, "bio_idr": 1029.0, "br_idr": 3342.0, "chillguy_idr": 250.0, "doge_idr": 1873.0, "drx_idr": 93.899996, "eth_idr": 40229000.0, "fanc_idr": 25.0, "fartcoin_idr": 3525.0, "gmmt_idr": 62.0, "lunc_idr": 1.471033, "molt_idr": 0.329698, "nfp_idr": 245.0, "nova_idr": 641616.0, "op_idr": 2112.0, "pengu_idr": 168.689, "pepe_idr": 0.068361, "pippin_idr": 442.031, "rss3_idr": 110.0, "sol_idr": 1455699.0, "tria_idr": 691.101, "trollsol_idr": 750.008, "ub_idr": 2080.0, "whitewhale_idr": 107.0, "xrp_idr": 24071.0, "zen_idr": 112303.0, "zerebro_idr": 440.0, "zkj_idr": 215.0}