{"btc_idr": 1358791000.0, "buildon_idr": 7406.0, "bio_idr": 1056.0, "br_idr": 3276.0, "chillguy_idr": 250.0, "doge_idr": 1874.0, "drx_idr": 94.999985, "eth_idr": 40219000.0, "fanc_idr": 24.0, "fartcoin_idr": 3514.0, "gmmt_idr": 63.0, "lunc_idr": 1.421588, "molt_idr": 0.320014, "nfp_idr": 243.0, "nova_idr": 590026.0, "op_idr": 2107.0, "pengu_idr": 168.399, "pepe_idr": 0.06799, "pippin_idr": 447.852, "rss3_idr": 110.0, "sol_idr": 1451964.0, "tria_idr": 690.058, "trollsol_idr": 850.0, "ub_idr": 2051.0, "whitewhale_idr": 107.0, "xrp_idr": 24098.0, "zerebro_idr": 441.0, "zkj_idr": 215.0}