{"btc_idr": 1390163000.0, "buildon_idr": 6554.0, "bio_idr": 917.0, "chillguy_idr": 286.0, "doge_idr": 1923.0, "drx_idr": 94.000003, "eth_idr": 40903000.0, "fartcoin_idr": 3595.0, "fwog_idr": 115.0, "giga_idr": 38.0, "hype_idr": 725978.0, "jellyjelly_idr": 950.0, "lunc_idr": 1.729517, "molt_idr": 0.302265, "moodeng_idr": 1075.0, "mubarak_idr": 292.209, "orc_idr": 28.0, "pengu_idr": 180.0, "pepe_idr": 0.069527, "pippin_idr": 441.502, "rss3_idr": 138.0, "sol_idr": 1460923.0, "trollsol_idr": 709.999, "twelve_idr": 396.0, "ub_idr": 2260.0, "whitewhale_idr": 108.0, "xaut_idr": 79088800.0, "xrp_idr": 24237.0, "zerebro_idr": 595.0, "zkj_idr": 219.0}