{"btc_idr": 1384137000.0, "ada_idr": 4539.0, "buildon_idr": 6310.0, "bio_idr": 788.0, "dar_idr": 258.0, "doge_idr": 1851.0, "dogs_idr": 1.483, "dvi_idr": 3.0, "eth_idr": 39716000.0, "fartcoin_idr": 4225.0, "giga_idr": 42.0, "hmstr_idr": 3.666, "hype_idr": 738014.0, "islm_idr": 323.0, "jto_idr": 10185.0, "lunc_idr": 1.585062, "ondo_idr": 6024.0, "pengu_idr": 178.663, "pepe_idr": 0.071797, "pippin_idr": 429.041, "shib_idr": 0.109223, "siren_idr": 17200.0, "sol_idr": 1533510.0, "sui_idr": 16690.0, "ton_idr": 46504.0, "trollsol_idr": 817.052, "whitewhale_idr": 117.0, "xaut_idr": 81613890.0, "xrp_idr": 24076.0, "zerebro_idr": 640.0}