{"btc_idr": 1423286000.0, "ada_idr": 4736.0, "buildon_idr": 6843.0, "br_idr": 2857.0, "chillguy_idr": 342.0, "collat_idr": 42.0, "doge_idr": 2023.0, "dogs_idr": 0.963, "eth_idr": 41896000.0, "fartcoin_idr": 4171.0, "glch_idr": 39.0, "hifi_idr": 69.0, "hive_idr": 1180.0, "honey_idr": 38.0, "hype_idr": 763889.0, "jellyjelly_idr": 946.628, "lunc_idr": 1.992996, "molt_idr": 0.317003, "moodeng_idr": 1142.0, "paxg_idr": 81092573.0, "payai_idr": 130.166, "pengu_idr": 196.799, "pepe_idr": 0.073903, "pippin_idr": 411.0, "shib_idr": 0.113, "sol_idr": 1553333.0, "sui_idr": 17839.0, "ton_idr": 38708.0, "trollsol_idr": 874.0, "whitewhale_idr": 116.0, "xaut_idr": 81000004.0, "xrp_idr": 25134.0, "zerebro_idr": 570.0, "zkj_idr": 207.0}