{"btc_idr": 1313378000.0, "aitech_idr": 148.0, "asetqu_idr": 503000.0, "bnb_idr": 11437601.0, "dgb_idr": 89.0, "dodo_idr": 1175.0, "doge_idr": 1783.0, "drx_idr": 83.999999, "eden_idr": 984.0, "edena_idr": 607.0, "eth_idr": 36057000.0, "fartcoin_idr": 2898.0, "hbar_idr": 1628.0, "hype_idr": 1178871.0, "koma_idr": 120.227, "nxa_idr": 25000.0, "ondo_idr": 6529.0, "pepe_idr": 0.060881, "pippin_idr": 339.0, "red2_idr": 60400.0, "sol_idr": 1470001.0, "sui_idr": 16235.0, "syn_idr": 1536.0, "tlm_idr": 128.0, "trollsol_idr": 1600.0, "twelve_idr": 394.0, "xlm_idr": 3880.0, "xrp_idr": 23593.0, "zerebro_idr": 429.0}