{"btc_idr": 1350000000.0, "buildon_idr": 4993.0, "bio_idr": 701.0, "br_idr": 3135.0, "doge_idr": 1892.0, "eth_idr": 39790000.0, "fartcoin_idr": 3537.0, "home_idr": 257.0, "hype_idr": 707663.0, "myx_idr": 4585.0, "molt_idr": 0.431111, "nfp_idr": 334.0, "orca_idr": 33997.0, "pengu_idr": 172.829, "pepe_idr": 0.068456, "pippin_idr": 456.999, "poly_idr": 278.0, "sol_idr": 1455317.0, "sto_idr": 1582.0, "ub_idr": 2182.0, "whitewhale_idr": 115.0, "xr_idr": 129.0, "xrp_idr": 24090.0, "zerebro_idr": 608.0, "zkj_idr": 243.0}