{"btc_idr": 1360259000.0, "buildon_idr": 7048.0, "bio_idr": 1014.0, "br_idr": 3270.0, "chillguy_idr": 252.0, "doge_idr": 1877.0, "drx_idr": 93.569998, "eth_idr": 40182000.0, "fanc_idr": 24.0, "fartcoin_idr": 3505.0, "gmmt_idr": 69.0, "knc_idr": 2882.0, "lunc_idr": 1.476983, "molt_idr": 0.316202, "nfp_idr": 242.0, "nova_idr": 695643.0, "op_idr": 2115.0, "pengu_idr": 167.647, "pepe_idr": 0.068485, "pippin_idr": 441.3, "rss3_idr": 123.0, "sol_idr": 1457086.0, "tria_idr": 717.212, "trollsol_idr": 652.001, "ub_idr": 2015.0, "whitewhale_idr": 106.0, "xrp_idr": 24130.0, "zen_idr": 122500.0, "zerebro_idr": 430.0, "zkj_idr": 214.0}