{"btc_idr": 1177647000.0, "ada_idr": 3201.0, "beat_idr": 70717.0, "bnb_idr": 11000000.0, "dodo_idr": 861.0, "doge_idr": 1575.0, "eth_idr": 32091000.0, "fartcoin_idr": 2340.0, "humanity_idr": 3010.0, "hart_idr": 30.0, "hype_idr": 1200952.0, "myx_idr": 2988.0, "jellyjelly_idr": 1149.319, "ondo_idr": 6610.0, "pengu_idr": 126.234, "pepe_idr": 0.05274, "pippin_idr": 325.166, "puffer_idr": 330.0, "shib_idr": 0.089326, "siren_idr": 979.0, "skyai_idr": 6384.0, "sol_idr": 1317494.0, "sui_idr": 14168.0, "syn_idr": 2601.0, "trollsol_idr": 1431.782, "uai_idr": 6156.0, "wld_idr": 10738.0, "xlm_idr": 3900.0, "xrp_idr": 22183.0, "zerebro_idr": 440.0}