{"btc_idr": 1303765000.0, "anoa_idr": 757868.0, "beat_idr": 21542.0, "doge_idr": 1760.0, "eden_idr": 1033.0, "edena_idr": 846.0, "eth_idr": 35583000.0, "fartcoin_idr": 2882.0, "fun_idr": 19.986, "hart_idr": 17.0, "hbar_idr": 1575.0, "hifi_idr": 69.0, "hype_idr": 1042275.0, "myx_idr": 3690.0, "islm_idr": 180.0, "jellyjelly_idr": 1102.342, "molt_idr": 0.253333, "ondo_idr": 6517.0, "pengu_idr": 138.537, "pepe_idr": 0.059818, "pippin_idr": 343.5, "red2_idr": 83796.0, "skyai_idr": 3550.0, "sol_idr": 1450681.0, "sui_idr": 16411.0, "trollsol_idr": 1290.999, "trx_idr": 6268.0, "whitewhale_idr": 101.0, "xaut_idr": 79600000.0, "xlm_idr": 3620.0, "xrp_idr": 23482.0, "zerebro_idr": 399.0}