{"btc_idr": 1386028000.0, "ada_idr": 4542.0, "buildon_idr": 6167.0, "bio_idr": 784.0, "dar_idr": 262.0, "doge_idr": 1870.0, "dogs_idr": 1.439, "dvi_idr": 2.0, "eth_idr": 39712000.0, "fartcoin_idr": 4186.0, "giga_idr": 43.0, "hmstr_idr": 3.654, "hype_idr": 739417.0, "islm_idr": 235.0, "jto_idr": 10398.0, "lunc_idr": 1.54, "ondo_idr": 6114.0, "payai_idr": 106.109, "pengu_idr": 178.098, "pepe_idr": 0.071843, "pippin_idr": 425.755, "shib_idr": 0.108857, "siren_idr": 16300.0, "sol_idr": 1528081.0, "sui_idr": 16775.0, "ton_idr": 46225.0, "trollsol_idr": 855.874, "whitewhale_idr": 116.0, "xaut_idr": 81540000.0, "xrp_idr": 24021.0, "zerebro_idr": 632.0}