{"btc_idr": 1386017000.0, "buildon_idr": 6505.0, "bio_idr": 962.0, "br_idr": 3627.0, "chillguy_idr": 292.0, "doge_idr": 1911.0, "drx_idr": 93.00007, "eth_idr": 40750000.0, "fartcoin_idr": 3556.0, "fwog_idr": 117.0, "giga_idr": 39.0, "gmmt_idr": 60.0, "hype_idr": 725844.0, "jellyjelly_idr": 952.974, "lunc_idr": 1.620019, "molt_idr": 0.307954, "moodeng_idr": 1066.0, "mubarak_idr": 301.943, "orc_idr": 28.0, "pengu_idr": 175.599, "pepe_idr": 0.069301, "pippin_idr": 439.0, "rss3_idr": 151.0, "sol_idr": 1461705.0, "trollsol_idr": 794.999, "twelve_idr": 390.0, "ub_idr": 2060.0, "whitewhale_idr": 110.0, "xaut_idr": 79109795.0, "xrp_idr": 24155.0, "zerebro_idr": 600.0, "zkj_idr": 219.0}