{"btc_idr": 1372994000.0, "anoa_idr": 859991.0, "aura_idr": 323.0, "buildon_idr": 6928.0, "bnkr_idr": 10.646, "doge_idr": 1921.0, "eth_idr": 38291000.0, "fartcoin_idr": 3400.0, "hart_idr": 22.0, "hype_idr": 734950.0, "jellyjelly_idr": 1120.474, "pengu_idr": 148.295, "pepe_idr": 0.066121, "pippin_idr": 427.931, "pols_idr": 1590.0, "shib_idr": 0.103543, "siren_idr": 8902.0, "sol_idr": 1521321.0, "sui_idr": 18701.0, "sundog_idr": 126.0, "trollsol_idr": 2060.993, "whitewhale_idr": 121.0, "xrp_idr": 24831.0, "zerebro_idr": 438.0, "zkj_idr": 212.0}