{"btc_idr": 1354227000.0, "aitech_idr": 253.0, "buildon_idr": 6946.0, "b2_idr": 10784.0, "bio_idr": 932.0, "br_idr": 2816.0, "chillguy_idr": 256.0, "doge_idr": 1881.0, "drx_idr": 105.0, "eth_idr": 39850000.0, "fartcoin_idr": 3574.0, "hnst_idr": 32.0, "hype_idr": 718890.0, "molt_idr": 0.360997, "nfp_idr": 288.0, "op_idr": 2126.0, "orca_idr": 35461.0, "pengu_idr": 173.538, "pepe_idr": 0.068541, "pippin_idr": 464.606, "sol_idr": 1451972.0, "sto_idr": 1530.0, "trollsol_idr": 374.606, "ub_idr": 2723.0, "whitewhale_idr": 111.0, "wlfi_idr": 948.0, "xrp_idr": 24011.0, "zen_idr": 153590.0, "zerebro_idr": 510.0, "zkj_idr": 228.0}