{"btc_idr": 1352637000.0, "ada_idr": 4270.0, "buildon_idr": 6084.0, "bio_idr": 717.0, "br_idr": 3003.0, "chillguy_idr": 226.0, "doge_idr": 1867.0, "eth_idr": 39721000.0, "fartcoin_idr": 3535.0, "hype_idr": 708645.0, "myx_idr": 4494.0, "jellyjelly_idr": 892.0, "molt_idr": 0.410026, "nfp_idr": 282.0, "orca_idr": 33401.0, "pengu_idr": 174.5, "pepe_idr": 0.067825, "pippin_idr": 453.999, "sol_idr": 1443002.0, "sto_idr": 1569.0, "trollsol_idr": 381.998, "ub_idr": 2416.0, "whitewhale_idr": 112.0, "xaut_idr": 79700000.0, "xr_idr": 115.0, "xrp_idr": 23902.0, "zerebro_idr": 518.0, "zkj_idr": 236.0}