{"btc_idr": 1410757000.0, "ada_idr": 4652.0, "buildon_idr": 5849.0, "bio_idr": 810.0, "bnb_idr": 11289323.0, "dar_idr": 296.0, "doge_idr": 1939.0, "dogs_idr": 1.54, "eth_idr": 40581000.0, "fartcoin_idr": 4398.0, "giga_idr": 45.0, "hmstr_idr": 3.6, "hype_idr": 752585.0, "io_idr": 2682.0, "lunc_idr": 1.721999, "moodeng_idr": 1113.0, "payai_idr": 105.0, "pengu_idr": 182.773, "pepe_idr": 0.072519, "pippin_idr": 429.6, "shib_idr": 0.11034, "sol_idr": 1555715.0, "sui_idr": 17197.0, "ton_idr": 45851.0, "trollsol_idr": 878.0, "uai_idr": 5754.0, "whitewhale_idr": 112.0, "xaut_idr": 81950000.0, "xrp_idr": 24570.0, "zerebro_idr": 614.0, "zkj_idr": 206.0}