{"btc_idr": 1363000000.0, "buildon_idr": 7400.0, "bio_idr": 1072.0, "br_idr": 3375.0, "chillguy_idr": 254.0, "doge_idr": 1879.0, "drx_idr": 98.999998, "eth_idr": 40199000.0, "fanc_idr": 25.0, "fartcoin_idr": 3551.0, "gmmt_idr": 63.0, "lunc_idr": 1.41, "molt_idr": 0.307909, "nfp_idr": 245.0, "nova_idr": 644486.0, "op_idr": 2126.0, "pengu_idr": 170.58, "pepe_idr": 0.068427, "pippin_idr": 447.338, "rss3_idr": 111.0, "sol_idr": 1458000.0, "tria_idr": 708.936, "trollsol_idr": 837.0, "ub_idr": 2038.0, "whitewhale_idr": 108.0, "xrp_idr": 24077.0, "zerebro_idr": 476.0, "zkj_idr": 222.0}