{"btc_idr": 1420975000.0, "ada_idr": 4650.0, "buildon_idr": 5831.0, "bnb_idr": 11289665.0, "br_idr": 2840.0, "collat_idr": 41.697, "doge_idr": 1968.0, "dogs_idr": 0.989, "eth_idr": 41089000.0, "fartcoin_idr": 4376.0, "glch_idr": 39.0, "honey_idr": 40.0, "hype_idr": 758228.0, "io_idr": 2774.0, "jellyjelly_idr": 925.988, "lunc_idr": 1.83718, "moodeng_idr": 1111.0, "payai_idr": 123.99, "pengu_idr": 191.0, "pepe_idr": 0.072332, "pippin_idr": 424.537, "shib_idr": 0.111196, "sol_idr": 1546324.0, "sui_idr": 17293.0, "ton_idr": 40614.0, "trollsol_idr": 931.0, "whitewhale_idr": 112.0, "xaut_idr": 81251440.0, "xrp_idr": 24882.0, "zerebro_idr": 647.0, "zkj_idr": 205.0}