{"btc_idr": 1407857000.0, "buildon_idr": 5829.0, "chillguy_idr": 290.0, "doge_idr": 1943.0, "dogs_idr": 1.091, "drx_idr": 93.500021, "eth_idr": 41468000.0, "fartcoin_idr": 3660.0, "fwog_idr": 115.0, "giga_idr": 37.0, "hype_idr": 737878.0, "jellyjelly_idr": 933.458, "lunc_idr": 1.719831, "molt_idr": 0.304008, "moodeng_idr": 1092.0, "mubarak_idr": 294.737, "orc_idr": 26.0, "paxg_idr": 79199999.0, "pengu_idr": 184.39, "pepe_idr": 0.070397, "pippin_idr": 439.002, "poly_idr": 300.0, "rss3_idr": 140.0, "sol_idr": 1473158.0, "trollsol_idr": 726.0, "ub_idr": 2180.0, "whitewhale_idr": 117.0, "xaut_idr": 79097599.0, "xrp_idr": 24445.0, "zerebro_idr": 605.0, "zkj_idr": 216.0}