{"btc_idr": 1352313000.0, "buildon_idr": 5115.0, "bio_idr": 714.0, "br_idr": 3039.0, "doge_idr": 1881.0, "eth_idr": 39725000.0, "fartcoin_idr": 3567.0, "home_idr": 259.0, "hype_idr": 707995.0, "myx_idr": 4539.0, "molt_idr": 0.41699, "nfp_idr": 299.0, "orca_idr": 34080.0, "pengu_idr": 172.821, "pepe_idr": 0.068539, "pippin_idr": 466.593, "poly_idr": 272.0, "sol_idr": 1444029.0, "sto_idr": 1561.0, "trollsol_idr": 356.404, "ub_idr": 1671.0, "whitewhale_idr": 113.0, "xr_idr": 118.0, "xrp_idr": 24018.0, "zerebro_idr": 546.0, "zkj_idr": 243.0}