{"btc_idr": 1191599000.0, "ada_idr": 3751.0, "avnt_idr": 2673.0, "bnb_idr": 11350153.0, "bp_idr": 4897.0, "dexe_idr": 338217.0, "dodo_idr": 1230.0, "doge_idr": 1676.0, "drx_idr": 65.111047, "eden_idr": 916.0, "ena_idr": 1976.0, "eth_idr": 33066000.0, "ever_idr": 108.0, "fartcoin_idr": 2625.0, "humanity_idr": 10905.0, "hype_idr": 1339500.0, "myx_idr": 4957.0, "jellyjelly_idr": 1155.387, "near_idr": 51157.0, "ondo_idr": 7564.0, "pepe_idr": 0.057346, "pippin_idr": 306.0, "portal_idr": 378.0, "sapien_idr": 1655.0, "skyai_idr": 2980.0, "sol_idr": 1315666.0, "trollsol_idr": 1349.321, "ub_idr": 1984.0, "wld_idr": 9317.0, "whitewhale_idr": 83.0, "xlm_idr": 3945.0, "xrp_idr": 21957.0, "zen_idr": 96102.0, "zerebro_idr": 420.0, "zora_idr": 200.532}