{"btc_idr": 1363501000.0, "alt_idr": 7.0, "aura_idr": 298.0, "doge_idr": 1914.0, "eden_idr": 890.0, "eth_idr": 38117000.0, "fartcoin_idr": 3305.0, "hype_idr": 793713.0, "jellyjelly_idr": 1072.921, "kaia_idr": 890.0, "molt_idr": 0.32889, "pepe_idr": 0.065182, "pippin_idr": 418.581, "sol_idr": 1503990.0, "sui_idr": 18500.0, "sundog_idr": 108.0, "trollsol_idr": 2029.797, "ub_idr": 2972.0, "whitewhale_idr": 118.0, "xrp_idr": 24628.0, "zerebro_idr": 413.0}