{"btc_idr": 1383728000.0, "ada_idr": 4526.0, "buildon_idr": 6678.0, "bio_idr": 795.0, "dar_idr": 250.0, "doge_idr": 1860.0, "dogs_idr": 1.444, "dvi_idr": 3.0, "eth_idr": 39678000.0, "fartcoin_idr": 4238.0, "giga_idr": 41.0, "hmstr_idr": 3.797, "hype_idr": 730008.0, "islm_idr": 229.0, "jto_idr": 11688.0, "lunc_idr": 1.644999, "ondo_idr": 6020.0, "payai_idr": 108.0, "pengu_idr": 179.967, "pepe_idr": 0.071552, "pippin_idr": 427.8, "shib_idr": 0.109221, "siren_idr": 17764.0, "sol_idr": 1526493.0, "sui_idr": 16777.0, "ton_idr": 44003.0, "trollsol_idr": 814.023, "whitewhale_idr": 114.0, "xaut_idr": 81589400.0, "xrp_idr": 24125.0, "zerebro_idr": 669.0}