{"btc_idr": 1407275000.0, "ada_idr": 4490.0, "aioz_idr": 1251.0, "buildon_idr": 5995.0, "celo_idr": 2112.0, "chillguy_idr": 308.0, "doge_idr": 1946.0, "dogs_idr": 1.209, "drx_idr": 94.700006, "eth_idr": 41386000.0, "fartcoin_idr": 3757.0, "fwog_idr": 108.0, "giga_idr": 36.0, "hive_idr": 1552.0, "hype_idr": 760000.0, "jellyjelly_idr": 952.0, "lunc_idr": 1.778992, "molt_idr": 0.319004, "moodeng_idr": 1108.0, "mubarak_idr": 280.951, "paxg_idr": 79000029.0, "pengu_idr": 192.993, "pepe_idr": 0.070999, "pippin_idr": 440.999, "poly_idr": 291.0, "rss3_idr": 132.0, "shib_idr": 0.109863, "sol_idr": 1476101.0, "ton_idr": 32232.0, "trollsol_idr": 816.009, "ub_idr": 2415.0, "whitewhale_idr": 116.0, "xaut_idr": 79097597.0, "xrp_idr": 24469.0, "zerebro_idr": 516.0, "zkj_idr": 212.0}