{"btc_idr": 1382715000.0, "ada_idr": 4544.0, "buildon_idr": 6149.0, "dar_idr": 253.0, "doge_idr": 1839.0, "dogs_idr": 1.448, "dvi_idr": 3.0, "efi_idr": 309.0, "eth_idr": 39539000.0, "fartcoin_idr": 4293.0, "fwog_idr": 130.0, "gwei_idr": 2304.0, "high_idr": 3782.0, "islm_idr": 291.0, "jto_idr": 10006.0, "ondo_idr": 6270.0, "pengu_idr": 177.288, "pepe_idr": 0.071916, "pippin_idr": 424.0, "shib_idr": 0.108671, "siren_idr": 18800.0, "sol_idr": 1528912.0, "sui_idr": 16770.0, "ton_idr": 47867.0, "trollsol_idr": 800.001, "whitewhale_idr": 119.0, "xaut_idr": 81500003.0, "xrp_idr": 24000.0, "zerebro_idr": 660.0, "zkj_idr": 254.0}