{"btc_idr": 1144013000.0, "beat_idr": 167240.0, "br_idr": 2509.0, "dar_idr": 111.0, "dlc_idr": 162.0, "doge_idr": 1558.0, "eth_idr": 30315000.0, "fartcoin_idr": 2117.0, "humanity_idr": 3095.0, "hart_idr": 32.0, "hmstr_idr": 5.588, "home_idr": 611.0, "hype_idr": 1048900.0, "jellyjelly_idr": 1049.523, "pepe_idr": 0.050684, "pippin_idr": 363.997, "sahara_idr": 293.0, "shib_idr": 0.087025, "siren_idr": 10888.0, "skyai_idr": 4630.0, "sol_idr": 1204225.0, "stg_idr": 9554.0, "stik_idr": 294.0, "sui_idr": 13755.0, "twelve_idr": 379.0, "ub_idr": 2336.0, "wld_idr": 9132.0, "xaut_idr": 74974989.0, "xlm_idr": 3453.0, "xrp_idr": 20476.0, "zerebro_idr": 482.0}