{"btc_idr": 1208759000.0, "ada_idr": 3875.0, "aster_idr": 12058.0, "bnb_idr": 11811476.0, "doge_idr": 1690.0, "drx_idr": 59.010004, "ern_idr": 7035.0, "eth_idr": 33946000.0, "ever_idr": 134.0, "fartcoin_idr": 2571.0, "humanity_idr": 12273.0, "hart_idr": 29.0, "home_idr": 850.0, "hype_idr": 1235000.0, "myx_idr": 6239.0, "jellyjelly_idr": 1080.224, "nfp_idr": 173.0, "ondo_idr": 7189.0, "pengu_idr": 125.179, "pepe_idr": 0.056565, "pieverse_idr": 19129.0, "pippin_idr": 301.036, "pond_idr": 68.05, "portal_idr": 434.0, "shred_idr": 25.0, "siren_idr": 9731.0, "skyai_idr": 2858.0, "sol_idr": 1352567.0, "tlm_idr": 94.0, "trollsol_idr": 1267.287, "ub_idr": 2300.0, "wld_idr": 7246.0, "whitewhale_idr": 84.0, "xlm_idr": 3978.0, "xrp_idr": 21898.0, "zerebro_idr": 450.0, "zkj_idr": 159.0, "zora_idr": 219.476}