{"btc_idr": 1389755000.0, "ada_idr": 4558.0, "buildon_idr": 6326.0, "bio_idr": 779.0, "dar_idr": 268.0, "doge_idr": 1871.0, "dogs_idr": 1.541, "dvi_idr": 2.0, "eth_idr": 39778000.0, "fartcoin_idr": 4231.0, "giga_idr": 42.0, "hmstr_idr": 3.71, "hype_idr": 739416.0, "islm_idr": 248.0, "jellyjelly_idr": 891.095, "jto_idr": 10233.0, "lunc_idr": 1.578974, "ondo_idr": 6138.0, "payai_idr": 108.003, "pengu_idr": 178.999, "pepe_idr": 0.072074, "pippin_idr": 428.0, "shib_idr": 0.109074, "siren_idr": 16003.0, "sol_idr": 1535202.0, "sui_idr": 16806.0, "ton_idr": 46930.0, "trollsol_idr": 844.998, "whitewhale_idr": 117.0, "xaut_idr": 81613891.0, "xrp_idr": 24119.0, "zerebro_idr": 627.0}