{"btc_idr": 1390000000.0, "buildon_idr": 7984.0, "bio_idr": 1002.0, "br_idr": 3579.0, "chillguy_idr": 288.0, "dar_idr": 246.0, "doge_idr": 1930.0, "drx_idr": 91.899982, "eth_idr": 41124000.0, "fartcoin_idr": 3677.0, "fwog_idr": 120.0, "giga_idr": 41.0, "gmmt_idr": 61.0, "hype_idr": 720204.0, "jellyjelly_idr": 925.074, "molt_idr": 0.310016, "moodeng_idr": 1067.0, "mubarak_idr": 297.0, "pengu_idr": 175.698, "pepe_idr": 0.070006, "pippin_idr": 437.347, "rss3_idr": 122.0, "sol_idr": 1477166.0, "trollsol_idr": 821.0, "twelve_idr": 374.0, "ub_idr": 2386.0, "whitewhale_idr": 112.0, "xaut_idr": 78982981.0, "xrp_idr": 24445.0, "zerebro_idr": 563.0, "zkj_idr": 217.0}