{"btc_idr": 1352703000.0, "ada_idr": 4405.0, "aura_idr": 285.0, "doge_idr": 1866.0, "eden_idr": 910.0, "eth_idr": 37328000.0, "fartcoin_idr": 3225.0, "hype_idr": 801999.0, "myx_idr": 3250.0, "jellyjelly_idr": 1060.661, "kaia_idr": 941.0, "molt_idr": 0.33299, "pepe_idr": 0.064468, "pippin_idr": 411.001, "sol_idr": 1492458.0, "sui_idr": 18289.0, "trollsol_idr": 1927.053, "ub_idr": 2600.0, "whitewhale_idr": 119.0, "xrp_idr": 24498.0, "zerebro_idr": 425.0}