{"btc_idr": 1352255000.0, "ada_idr": 4304.0, "aitech_idr": 250.0, "buildon_idr": 6370.0, "b2_idr": 11159.0, "bio_idr": 1105.0, "br_idr": 2894.0, "chillguy_idr": 253.0, "doge_idr": 1880.0, "drx_idr": 107.879999, "eth_idr": 39834000.0, "fartcoin_idr": 3554.0, "hype_idr": 713280.0, "molt_idr": 0.375052, "nfp_idr": 291.0, "orca_idr": 37289.0, "pengu_idr": 174.805, "pepe_idr": 0.068015, "pippin_idr": 459.0, "sol_idr": 1451984.0, "sto_idr": 1542.0, "trollsol_idr": 376.0, "ub_idr": 2601.0, "whitewhale_idr": 111.0, "wlfi_idr": 946.0, "xrp_idr": 24022.0, "zen_idr": 163001.0, "zerebro_idr": 517.0, "zkj_idr": 232.0}