{"btc_idr": 1414781000.0, "ada_idr": 4639.0, "buildon_idr": 6190.0, "collat_idr": 40.201, "doge_idr": 1955.0, "dogs_idr": 1.019, "eth_idr": 40919000.0, "fartcoin_idr": 4364.0, "glch_idr": 38.0, "honey_idr": 40.0, "hype_idr": 752817.0, "io_idr": 2602.0, "jellyjelly_idr": 927.107, "lunc_idr": 1.669952, "moodeng_idr": 1117.0, "payai_idr": 118.001, "pengu_idr": 186.393, "pepe_idr": 0.072336, "pippin_idr": 420.526, "shib_idr": 0.111312, "sol_idr": 1552256.0, "sui_idr": 17264.0, "ton_idr": 43091.0, "trollsol_idr": 902.001, "whitewhale_idr": 111.0, "xaut_idr": 81100029.0, "xrp_idr": 24787.0, "zerebro_idr": 756.0, "zkj_idr": 205.0}