{"btc_idr": 1309831000.0, "anoa_idr": 760027.0, "beat_idr": 18000.0, "doge_idr": 1772.0, "eden_idr": 1073.0, "edena_idr": 852.0, "eth_idr": 35785000.0, "fartcoin_idr": 2918.0, "fun_idr": 17.03, "hart_idr": 17.0, "hbar_idr": 1624.0, "hifi_idr": 73.0, "hype_idr": 1100000.0, "myx_idr": 3647.0, "islm_idr": 179.0, "jellyjelly_idr": 1069.746, "molt_idr": 0.260899, "ondo_idr": 6545.0, "pengu_idr": 137.695, "pepe_idr": 0.060426, "pippin_idr": 339.745, "red2_idr": 80699.0, "skyai_idr": 3393.0, "sol_idr": 1464000.0, "sui_idr": 16527.0, "trollsol_idr": 1334.914, "trx_idr": 6280.0, "whitewhale_idr": 102.0, "xaut_idr": 79946999.0, "xlm_idr": 3697.0, "xrp_idr": 23427.0, "zerebro_idr": 398.0}