{"btc_idr": 1307777000.0, "aitech_idr": 138.0, "beat_idr": 20597.0, "degen_idr": 17.0, "dgb_idr": 94.0, "dodo_idr": 656.0, "doge_idr": 1762.0, "drx_idr": 82.600001, "eden_idr": 962.0, "edena_idr": 594.0, "eth_idr": 35716000.0, "fartcoin_idr": 2875.0, "fun_idr": 18.015, "hart_idr": 16.0, "hbar_idr": 1592.0, "hifi_idr": 66.0, "hype_idr": 1104318.0, "jellyjelly_idr": 1043.903, "koma_idr": 138.028, "nxa_idr": 29059.0, "ondo_idr": 6486.0, "payai_idr": 125.004, "pengu_idr": 135.8, "pepe_idr": 0.059889, "pippin_idr": 329.985, "red2_idr": 63898.0, "sol_idr": 1452207.0, "sui_idr": 16146.0, "tlm_idr": 133.0, "trollsol_idr": 1278.0, "twelve_idr": 402.0, "whitewhale_idr": 97.0, "xlm_idr": 3637.0, "xrp_idr": 23286.0, "zerebro_idr": 441.0}