{"btc_idr": 1308710000.0, "asetqu_idr": 500225.0, "bnb_idr": 11815299.0, "bnkr_idr": 11.249, "dgb_idr": 72.0, "dodo_idr": 675.0, "doge_idr": 1799.0, "drx_idr": 75.515494, "eden_idr": 962.0, "edena_idr": 586.0, "eth_idr": 35869000.0, "fartcoin_idr": 2866.0, "hbar_idr": 1730.0, "hifi_idr": 76.0, "hype_idr": 1168371.0, "spaceid_idr": 849.0, "inj_idr": 122753.0, "islm_idr": 158.0, "jellyjelly_idr": 1048.025, "nxa_idr": 24865.0, "ondo_idr": 6280.0, "pengu_idr": 142.942, "pepe_idr": 0.060837, "pippin_idr": 346.345, "sol_idr": 1467334.0, "sui_idr": 16068.0, "syn_idr": 1015.0, "tlm_idr": 88.0, "trollsol_idr": 1575.0, "twelve_idr": 388.0, "xlm_idr": 4630.0, "xrp_idr": 23932.0, "zerebro_idr": 428.0}