{"btc_idr": 1355996000.0, "buildon_idr": 8997.0, "b2_idr": 11201.0, "bio_idr": 950.0, "br_idr": 3260.0, "chillguy_idr": 254.0, "doge_idr": 1867.0, "drx_idr": 102.999997, "eth_idr": 40037000.0, "fartcoin_idr": 3508.0, "knc_idr": 2945.0, "lunc_idr": 1.424764, "molt_idr": 0.354964, "nfp_idr": 249.0, "op_idr": 2112.0, "orca_idr": 36200.0, "pengu_idr": 168.674, "pepe_idr": 0.068208, "pippin_idr": 444.834, "rss3_idr": 128.0, "sol_idr": 1450028.0, "trollsol_idr": 520.002, "ub_idr": 2197.0, "whitewhale_idr": 107.0, "xrp_idr": 24017.0, "zen_idr": 106686.0, "zerebro_idr": 465.0, "zkj_idr": 223.0}