{"btc_idr": 1353446000.0, "ada_idr": 4343.0, "aitech_idr": 248.0, "buildon_idr": 5986.0, "b2_idr": 10919.0, "bio_idr": 1005.0, "br_idr": 2732.0, "chillguy_idr": 272.0, "doge_idr": 1877.0, "drx_idr": 107.0, "eth_idr": 39865000.0, "fartcoin_idr": 3588.0, "hnst_idr": 31.0, "hype_idr": 719745.0, "molt_idr": 0.345029, "nfp_idr": 284.0, "op_idr": 2161.0, "orca_idr": 36236.0, "pengu_idr": 171.567, "pepe_idr": 0.068745, "pippin_idr": 463.0, "sol_idr": 1453993.0, "trollsol_idr": 390.008, "ub_idr": 2712.0, "wlfi_idr": 956.0, "xrp_idr": 24024.0, "zen_idr": 107002.0, "zerebro_idr": 446.0, "zkj_idr": 231.0}