{"btc_idr": 1356955000.0, "buildon_idr": 7336.0, "bio_idr": 1010.0, "br_idr": 3307.0, "chillguy_idr": 256.0, "doge_idr": 1860.0, "drx_idr": 103.3, "eth_idr": 39975000.0, "fartcoin_idr": 3492.0, "knc_idr": 2970.0, "lunc_idr": 1.430003, "molt_idr": 0.338999, "nfp_idr": 246.0, "nova_idr": 810000.0, "op_idr": 2109.0, "pengu_idr": 168.239, "pepe_idr": 0.067914, "pippin_idr": 441.63, "rss3_idr": 130.0, "sol_idr": 1450297.0, "trollsol_idr": 563.0, "ub_idr": 1995.0, "whitewhale_idr": 104.0, "xrp_idr": 24012.0, "zen_idr": 112762.0, "zerebro_idr": 445.0, "zkj_idr": 214.0}