{"btc_idr": 1110776000.0, "ada_idr": 2988.0, "beat_idr": 86262.0, "bnb_idr": 10649064.0, "cst_idr": 2100000.0, "dlc_idr": 267.0, "doge_idr": 1523.0, "drx_idr": 51.500002, "eth_idr": 29468000.0, "fartcoin_idr": 2116.0, "gwei_idr": 3038.0, "humanity_idr": 3548.0, "home_idr": 576.0, "hype_idr": 1027000.0, "myx_idr": 4213.0, "jellyjelly_idr": 1041.783, "ondo_idr": 6481.0, "pepe_idr": 0.049716, "pippin_idr": 416.987, "portal_idr": 283.0, "sahara_idr": 348.0, "skyai_idr": 3212.0, "sol_idr": 1172427.0, "stik_idr": 341.0, "sui_idr": 13562.0, "trollsol_idr": 1276.011, "twelve_idr": 407.0, "wld_idr": 9189.0, "xaut_idr": 76112308.0, "xlm_idr": 3410.0, "xrp_idr": 20346.0, "zerebro_idr": 497.0}