{"btc_idr": 1314498000.0, "anoa_idr": 775999.0, "beat_idr": 18240.0, "doge_idr": 1783.0, "eden_idr": 1044.0, "edena_idr": 839.0, "eth_idr": 36003000.0, "fartcoin_idr": 2960.0, "fun_idr": 17.416, "hart_idr": 17.0, "hbar_idr": 1614.0, "hifi_idr": 75.0, "hype_idr": 1090000.0, "myx_idr": 3574.0, "islm_idr": 181.0, "jellyjelly_idr": 1085.499, "molt_idr": 0.260912, "ondo_idr": 6620.0, "pengu_idr": 139.28, "pepe_idr": 0.060639, "pippin_idr": 342.51, "red2_idr": 76559.0, "skyai_idr": 3527.0, "sol_idr": 1471647.0, "sui_idr": 16679.0, "trollsol_idr": 1276.966, "trx_idr": 6315.0, "whitewhale_idr": 102.0, "xaut_idr": 79949999.0, "xlm_idr": 3673.0, "xrp_idr": 23573.0, "zerebro_idr": 386.0}