{"btc_idr": 1422657000.0, "ada_idr": 4897.0, "aih_idr": 741311.0, "asetqu_idr": 500015.0, "aura_idr": 543.0, "bio_idr": 901.0, "bnb_idr": 11499999.0, "brett_idr": 181.0, "doge_idr": 1938.0, "eth_idr": 41100000.0, "fartcoin_idr": 4580.0, "giga_idr": 61.0, "hbar_idr": 1694.0, "hype_idr": 745496.0, "myx_idr": 4523.0, "islm_idr": 231.0, "jellyjelly_idr": 1028.205, "kdag_idr": 18.0, "moodeng_idr": 1169.0, "ondo_idr": 7353.0, "pengu_idr": 184.0, "pepe_idr": 0.07666, "pippin_idr": 450.052, "ponke_idr": 737.0, "rfc_idr": 20.053, "rss3_idr": 216.0, "shib_idr": 0.114006, "sol_idr": 1668412.0, "solayer_idr": 2204.0, "sui_idr": 23001.0, "sundog_idr": 114.0, "ton_idr": 41813.0, "trollsol_idr": 2019.0, "whitewhale_idr": 126.0, "xaut_idr": 81120992.0, "xrp_idr": 25495.0, "zerebro_idr": 853.0, "zkj_idr": 219.0, "zora_idr": 243.019}