{"btc_idr": 1354219000.0, "aitech_idr": 250.0, "buildon_idr": 6300.0, "b2_idr": 11112.0, "bio_idr": 1002.0, "br_idr": 2776.0, "chillguy_idr": 247.0, "doge_idr": 1880.0, "drx_idr": 103.9, "eth_idr": 39817000.0, "fartcoin_idr": 3583.0, "hnst_idr": 33.0, "hype_idr": 718950.0, "molt_idr": 0.367991, "nfp_idr": 290.0, "op_idr": 2133.0, "orca_idr": 35677.0, "pengu_idr": 173.839, "pepe_idr": 0.068455, "pippin_idr": 466.528, "sol_idr": 1451979.0, "sto_idr": 1527.0, "trollsol_idr": 384.998, "ub_idr": 2626.0, "wlfi_idr": 949.0, "xrp_idr": 24016.0, "zen_idr": 107400.0, "zerebro_idr": 479.0, "zkj_idr": 229.0}