{"btc_idr": 1146970000.0, "ada_idr": 3053.0, "beat_idr": 77665.0, "dlc_idr": 275.0, "dodo_idr": 686.0, "doge_idr": 1557.0, "drx_idr": 56.594224, "eth_idr": 30517000.0, "fartcoin_idr": 2104.0, "humanity_idr": 2292.0, "home_idr": 518.0, "hype_idr": 1144000.0, "myx_idr": 4628.0, "jellyjelly_idr": 1068.0, "pepe_idr": 0.050732, "pippin_idr": 436.41, "portal_idr": 281.0, "siren_idr": 21031.0, "skyai_idr": 4250.0, "sol_idr": 1204627.0, "stik_idr": 313.0, "sui_idr": 13592.0, "trollsol_idr": 1350.0, "ub_idr": 2241.0, "wld_idr": 8848.0, "whitewhale_idr": 72.0, "xlm_idr": 3621.0, "xrp_idr": 21089.0, "zerebro_idr": 450.0}