{"btc_idr": 1349007000.0, "buildon_idr": 5259.0, "bio_idr": 705.0, "br_idr": 2988.0, "doge_idr": 1870.0, "eth_idr": 39553000.0, "fartcoin_idr": 3549.0, "home_idr": 256.0, "hype_idr": 707900.0, "myx_idr": 4511.0, "molt_idr": 0.394015, "nfp_idr": 308.0, "orca_idr": 34440.0, "pengu_idr": 171.0, "pepe_idr": 0.067966, "pippin_idr": 450.0, "poly_idr": 272.0, "sol_idr": 1446917.0, "sto_idr": 1577.0, "trollsol_idr": 364.006, "ub_idr": 1972.0, "whitewhale_idr": 112.0, "xr_idr": 116.0, "xrp_idr": 23900.0, "zerebro_idr": 533.0, "zkj_idr": 248.0}