{"btc_idr": 1411006000.0, "ada_idr": 4465.0, "aioz_idr": 1215.0, "buildon_idr": 7478.0, "celo_idr": 1981.0, "chillguy_idr": 312.0, "doge_idr": 1945.0, "dogs_idr": 1.044, "drx_idr": 94.501004, "eth_idr": 41289000.0, "fartcoin_idr": 3835.0, "fwog_idr": 109.0, "giga_idr": 38.0, "hive_idr": 1425.0, "hype_idr": 761559.0, "jellyjelly_idr": 951.002, "lunc_idr": 1.78064, "moodeng_idr": 1107.0, "mubarak_idr": 282.997, "paxg_idr": 79779992.0, "pengu_idr": 203.396, "pepe_idr": 0.071633, "pippin_idr": 440.109, "poly_idr": 299.0, "rss3_idr": 139.0, "shib_idr": 0.109237, "sol_idr": 1484312.0, "sui_idr": 16700.0, "ton_idr": 30749.0, "trollsol_idr": 787.002, "whitewhale_idr": 119.0, "xaut_idr": 79389999.0, "xrp_idr": 24480.0, "zerebro_idr": 537.0, "zkj_idr": 214.0}