{"btc_idr": 1387996000.0, "ada_idr": 4568.0, "buildon_idr": 5864.0, "bio_idr": 800.0, "dar_idr": 259.0, "doge_idr": 1878.0, "dogs_idr": 1.406, "dvi_idr": 4.0, "eth_idr": 39850000.0, "fartcoin_idr": 4275.0, "giga_idr": 42.0, "hmstr_idr": 3.465, "hype_idr": 736993.0, "io_idr": 2573.0, "islm_idr": 238.0, "lunc_idr": 1.560301, "ondo_idr": 6221.0, "payai_idr": 108.85, "pengu_idr": 180.643, "pepe_idr": 0.071726, "pippin_idr": 430.837, "shib_idr": 0.109225, "siren_idr": 17703.0, "sol_idr": 1535265.0, "ton_idr": 41629.0, "trollsol_idr": 850.001, "whitewhale_idr": 115.0, "xaut_idr": 81889527.0, "xrp_idr": 24161.0, "zerebro_idr": 663.0}