{"btc_idr": 1411689000.0, "ada_idr": 4609.0, "buildon_idr": 5860.0, "collat_idr": 41.989, "doge_idr": 1950.0, "dogs_idr": 1.013, "eth_idr": 40753000.0, "fartcoin_idr": 4324.0, "glch_idr": 38.0, "honey_idr": 39.0, "hype_idr": 748837.0, "io_idr": 2697.0, "jellyjelly_idr": 928.418, "lunc_idr": 1.748277, "moodeng_idr": 1114.0, "payai_idr": 106.818, "pengu_idr": 185.985, "pepe_idr": 0.071882, "pippin_idr": 424.32, "shib_idr": 0.1107, "sol_idr": 1548387.0, "sui_idr": 17200.0, "ton_idr": 42178.0, "trollsol_idr": 890.101, "whitewhale_idr": 113.0, "xaut_idr": 81100021.0, "xrp_idr": 24639.0, "zerebro_idr": 744.0, "zkj_idr": 207.0}