{"btc_idr": 1151743000.0, "ada_idr": 3086.0, "beat_idr": 72521.0, "cst_idr": 2156000.0, "dlc_idr": 276.0, "dodo_idr": 701.0, "doge_idr": 1571.0, "drx_idr": 54.989984, "eth_idr": 30694000.0, "fartcoin_idr": 2164.0, "gwei_idr": 3239.0, "humanity_idr": 2480.0, "home_idr": 486.0, "hype_idr": 1135000.0, "myx_idr": 4879.0, "jellyjelly_idr": 1089.788, "ondo_idr": 6705.0, "pepe_idr": 0.051356, "pippin_idr": 388.37, "portal_idr": 282.0, "sahara_idr": 308.0, "siren_idr": 22853.0, "skyai_idr": 3853.0, "sol_idr": 1220737.0, "stik_idr": 357.0, "sui_idr": 13867.0, "trollsol_idr": 1450.0, "twelve_idr": 494.0, "wld_idr": 9165.0, "whitewhale_idr": 74.0, "xlm_idr": 3658.0, "xrp_idr": 21287.0, "zerebro_idr": 469.0}