{"btc_idr": 1403999000.0, "ada_idr": 4640.0, "buildon_idr": 5926.0, "bio_idr": 821.0, "dar_idr": 238.0, "doge_idr": 1928.0, "dogs_idr": 1.418, "eth_idr": 40357000.0, "fartcoin_idr": 4404.0, "giga_idr": 44.0, "hmstr_idr": 3.509, "hype_idr": 749264.0, "io_idr": 2624.0, "jto_idr": 8228.0, "lunc_idr": 1.639981, "ondo_idr": 6396.0, "payai_idr": 105.996, "pengu_idr": 184.139, "pepe_idr": 0.07331, "pippin_idr": 433.646, "shib_idr": 0.109843, "siren_idr": 19054.0, "sol_idr": 1545003.0, "sui_idr": 17312.0, "ton_idr": 43395.0, "trollsol_idr": 869.999, "whitewhale_idr": 116.0, "xaut_idr": 81950007.0, "xrp_idr": 24440.0, "zerebro_idr": 651.0}