{"btc_idr": 1353405000.0, "ada_idr": 4330.0, "aitech_idr": 247.0, "buildon_idr": 5678.0, "b2_idr": 10961.0, "bio_idr": 1003.0, "br_idr": 2733.0, "chillguy_idr": 268.0, "doge_idr": 1870.0, "drx_idr": 107.000005, "eth_idr": 39855000.0, "fartcoin_idr": 3596.0, "hnst_idr": 32.0, "hype_idr": 720644.0, "molt_idr": 0.35001, "nfp_idr": 283.0, "op_idr": 2192.0, "orca_idr": 36236.0, "pengu_idr": 172.107, "pepe_idr": 0.068688, "pippin_idr": 464.353, "sol_idr": 1454810.0, "trollsol_idr": 404.004, "ub_idr": 2606.0, "wlfi_idr": 957.0, "xrp_idr": 24038.0, "zen_idr": 105912.0, "zerebro_idr": 451.0, "zkj_idr": 231.0}