{"btc_idr": 1352998000.0, "buildon_idr": 4945.0, "bio_idr": 711.0, "br_idr": 2975.0, "doge_idr": 1875.0, "eth_idr": 39790000.0, "fartcoin_idr": 3553.0, "home_idr": 259.0, "hype_idr": 705901.0, "myx_idr": 4545.0, "molt_idr": 0.400211, "nfp_idr": 302.0, "orca_idr": 34850.0, "pengu_idr": 173.388, "pepe_idr": 0.068601, "pippin_idr": 462.004, "poly_idr": 272.0, "sol_idr": 1449928.0, "sto_idr": 1555.0, "ub_idr": 1720.0, "whitewhale_idr": 113.0, "xr_idr": 127.0, "xrp_idr": 24010.0, "zerebro_idr": 524.0, "zkj_idr": 242.0}