{"btc_idr": 1386800000.0, "buildon_idr": 6252.0, "bio_idr": 1026.0, "br_idr": 3365.0, "chillguy_idr": 243.0, "doge_idr": 1952.0, "drx_idr": 98.4999, "eth_idr": 41149000.0, "fanc_idr": 23.0, "fartcoin_idr": 3729.0, "fwog_idr": 114.0, "giga_idr": 37.0, "gmmt_idr": 67.0, "molt_idr": 0.308122, "nfp_idr": 243.0, "nova_idr": 599166.0, "pengu_idr": 179.506, "pepe_idr": 0.070599, "pippin_idr": 446.198, "rss3_idr": 111.0, "sol_idr": 1476995.0, "tria_idr": 701.209, "trollsol_idr": 956.0, "twelve_idr": 413.0, "ub_idr": 2244.0, "whitewhale_idr": 114.0, "xrp_idr": 24400.0, "zen_idr": 125027.0, "zerebro_idr": 451.0, "zkj_idr": 237.0}