{"btc_idr": 1392112000.0, "ada_idr": 4370.0, "buildon_idr": 6771.0, "bio_idr": 1008.0, "chillguy_idr": 290.0, "doge_idr": 1924.0, "drx_idr": 99.500006, "eth_idr": 41003000.0, "fartcoin_idr": 3659.0, "fwog_idr": 119.0, "giga_idr": 40.0, "gmmt_idr": 61.0, "hype_idr": 717488.0, "jellyjelly_idr": 939.056, "molt_idr": 0.3096, "moodeng_idr": 1071.0, "mubarak_idr": 297.952, "pengu_idr": 174.471, "pepe_idr": 0.070292, "pippin_idr": 437.3, "rss3_idr": 133.0, "sol_idr": 1472223.0, "trollsol_idr": 820.0, "twelve_idr": 380.0, "ub_idr": 2210.0, "whitewhale_idr": 110.0, "xaut_idr": 78520012.0, "xrp_idr": 24384.0, "zerebro_idr": 558.0, "zkj_idr": 222.0}