{"btc_idr": 1414950000.0, "ada_idr": 4582.0, "buildon_idr": 7623.0, "br_idr": 3001.0, "celo_idr": 1966.0, "chillguy_idr": 292.0, "doge_idr": 2005.0, "dogs_idr": 1.064, "eth_idr": 41269000.0, "fartcoin_idr": 3954.0, "glch_idr": 39.0, "hifi_idr": 71.0, "hive_idr": 1174.0, "hype_idr": 762900.0, "jellyjelly_idr": 931.057, "lunc_idr": 1.905004, "molt_idr": 0.321793, "moodeng_idr": 1099.0, "paxg_idr": 80655950.0, "payai_idr": 127.999, "pengu_idr": 193.276, "pepe_idr": 0.072988, "pippin_idr": 406.99, "shib_idr": 0.1116, "sol_idr": 1510606.0, "sui_idr": 17145.0, "ton_idr": 38997.0, "trollsol_idr": 774.002, "whitewhale_idr": 114.0, "xaut_idr": 80490064.0, "xrp_idr": 24714.0, "zerebro_idr": 509.0, "zkj_idr": 206.0}