{"btc_idr": 1416603000.0, "ada_idr": 4617.0, "buildon_idr": 5500.0, "bnb_idr": 11258536.0, "collat_idr": 41.05, "doge_idr": 1963.0, "dogs_idr": 0.975, "eth_idr": 40901000.0, "fartcoin_idr": 4258.0, "glch_idr": 39.0, "honey_idr": 40.0, "hype_idr": 750218.0, "io_idr": 2740.0, "jellyjelly_idr": 944.12, "lunc_idr": 1.86471, "payai_idr": 116.0, "pengu_idr": 187.24, "pepe_idr": 0.072099, "pippin_idr": 425.046, "shib_idr": 0.111091, "sol_idr": 1543000.0, "sui_idr": 17234.0, "ton_idr": 41651.0, "trollsol_idr": 907.0, "whitewhale_idr": 115.0, "xaut_idr": 81249000.0, "xrp_idr": 24799.0, "zerebro_idr": 662.0, "zkj_idr": 207.0}