{"btc_idr": 1372990000.0, "anoa_idr": 810100.0, "aura_idr": 300.0, "bnkr_idr": 10.3, "doge_idr": 1926.0, "eth_idr": 38242000.0, "fartcoin_idr": 3411.0, "hart_idr": 22.0, "hype_idr": 721154.0, "jellyjelly_idr": 1077.0, "pengu_idr": 149.994, "pepe_idr": 0.066431, "pippin_idr": 426.398, "ponke_idr": 711.0, "shib_idr": 0.103114, "siren_idr": 9020.0, "sol_idr": 1520000.0, "sui_idr": 18931.0, "sundog_idr": 113.0, "trollsol_idr": 1978.999, "whitewhale_idr": 116.0, "xrp_idr": 24850.0, "zerebro_idr": 456.0, "zkj_idr": 205.0}