{"btc_idr": 1357255000.0, "ada_idr": 4399.0, "aura_idr": 284.0, "doge_idr": 1840.0, "eden_idr": 969.0, "eth_idr": 37364000.0, "fartcoin_idr": 3214.0, "hype_idr": 802701.0, "myx_idr": 3200.0, "jellyjelly_idr": 1055.0, "kaia_idr": 908.0, "molt_idr": 0.30996, "pepe_idr": 0.064026, "pippin_idr": 411.996, "sol_idr": 1491717.0, "sui_idr": 18280.0, "trollsol_idr": 1875.001, "ub_idr": 2764.0, "whitewhale_idr": 117.0, "xrp_idr": 24361.0, "zerebro_idr": 426.0}