{"btc_idr": 1351936000.0, "buildon_idr": 5233.0, "bio_idr": 716.0, "br_idr": 2992.0, "doge_idr": 1880.0, "eth_idr": 39821000.0, "fartcoin_idr": 3569.0, "home_idr": 253.0, "hype_idr": 704424.0, "myx_idr": 4574.0, "molt_idr": 0.422986, "nfp_idr": 321.0, "orca_idr": 33646.0, "pengu_idr": 172.665, "pepe_idr": 0.06868, "pippin_idr": 452.998, "poly_idr": 269.0, "sol_idr": 1449930.0, "sto_idr": 1566.0, "ub_idr": 2348.0, "whitewhale_idr": 113.0, "xr_idr": 132.0, "xrp_idr": 23989.0, "zerebro_idr": 521.0, "zkj_idr": 244.0}