{"btc_idr": 1368458000.0, "alt_idr": 7.0, "aura_idr": 304.0, "cgpt_idr": 615.0, "doge_idr": 1932.0, "eden_idr": 911.0, "eth_idr": 38273000.0, "fartcoin_idr": 3369.0, "hype_idr": 816548.0, "jellyjelly_idr": 1085.1, "kaia_idr": 911.0, "molt_idr": 0.339119, "pepe_idr": 0.065337, "pippin_idr": 419.115, "sol_idr": 1512708.0, "sui_idr": 18676.0, "sundog_idr": 110.0, "trollsol_idr": 2008.071, "ub_idr": 2923.0, "whitewhale_idr": 118.0, "xrp_idr": 24749.0, "zerebro_idr": 424.0}