{"btc_idr": 1415219000.0, "ada_idr": 4500.0, "buildon_idr": 7064.0, "br_idr": 3244.0, "celo_idr": 1926.0, "chillguy_idr": 308.0, "doge_idr": 1981.0, "dogs_idr": 1.079, "eth_idr": 41117000.0, "fartcoin_idr": 3845.0, "hive_idr": 1298.0, "hype_idr": 764503.0, "jellyjelly_idr": 948.699, "lunc_idr": 2.142, "moodeng_idr": 1094.0, "paxg_idr": 79769972.0, "pengu_idr": 200.002, "pepe_idr": 0.071077, "pippin_idr": 436.959, "poly_idr": 283.0, "rss3_idr": 120.0, "shib_idr": 0.109636, "sol_idr": 1485005.0, "sui_idr": 16693.0, "ton_idr": 32419.0, "trollsol_idr": 800.0, "whitewhale_idr": 117.0, "xaut_idr": 79343942.0, "xrp_idr": 24525.0, "zerebro_idr": 530.0, "zkj_idr": 212.0}