{"btc_idr": 1349099000.0, "buildon_idr": 5342.0, "bio_idr": 719.0, "br_idr": 2905.0, "doge_idr": 1875.0, "eth_idr": 39645000.0, "fartcoin_idr": 3547.0, "home_idr": 260.0, "hype_idr": 705185.0, "myx_idr": 4579.0, "molt_idr": 0.413016, "nfp_idr": 345.0, "orca_idr": 34187.0, "pengu_idr": 172.675, "pepe_idr": 0.068654, "pippin_idr": 449.002, "poly_idr": 270.0, "sol_idr": 1452123.0, "sto_idr": 1568.0, "ub_idr": 2398.0, "whitewhale_idr": 112.0, "xr_idr": 132.0, "xrp_idr": 24012.0, "zerebro_idr": 515.0, "zkj_idr": 245.0}