{"btc_idr": 1374029000.0, "alt_idr": 7.0, "aura_idr": 302.0, "cgpt_idr": 623.0, "doge_idr": 1944.0, "eden_idr": 939.0, "eth_idr": 38379000.0, "fartcoin_idr": 3430.0, "hype_idr": 818587.0, "jellyjelly_idr": 1083.114, "kaia_idr": 940.0, "molt_idr": 0.339557, "pepe_idr": 0.066025, "pippin_idr": 422.452, "sol_idr": 1520056.0, "sui_idr": 18817.0, "sundog_idr": 111.0, "trollsol_idr": 2100.0, "ub_idr": 2823.0, "whitewhale_idr": 119.0, "xrp_idr": 24956.0, "zerebro_idr": 439.0}