{"btc_idr": 1360272000.0, "buildon_idr": 7657.0, "bio_idr": 1077.0, "br_idr": 3325.0, "chillguy_idr": 252.0, "doge_idr": 1880.0, "drx_idr": 98.999946, "eth_idr": 40298000.0, "fanc_idr": 25.0, "fartcoin_idr": 3533.0, "gmmt_idr": 64.0, "lunc_idr": 1.4, "molt_idr": 0.308975, "nfp_idr": 243.0, "nova_idr": 613638.0, "op_idr": 2140.0, "pengu_idr": 169.705, "pepe_idr": 0.06829, "pippin_idr": 445.471, "rss3_idr": 110.0, "sol_idr": 1456500.0, "tria_idr": 700.0, "trollsol_idr": 837.999, "ub_idr": 2112.0, "whitewhale_idr": 107.0, "xrp_idr": 24090.0, "zerebro_idr": 484.0, "zkj_idr": 221.0}