{"btc_idr": 1406000000.0, "ada_idr": 4503.0, "aioz_idr": 1268.0, "buildon_idr": 6138.0, "celo_idr": 2375.0, "chillguy_idr": 315.0, "doge_idr": 1945.0, "dogs_idr": 1.235, "drx_idr": 98.999999, "eth_idr": 41363000.0, "fartcoin_idr": 3718.0, "fwog_idr": 112.0, "giga_idr": 37.0, "hive_idr": 1540.0, "hype_idr": 752349.0, "jellyjelly_idr": 967.608, "lunc_idr": 1.70059, "molt_idr": 0.323992, "moodeng_idr": 1102.0, "mubarak_idr": 280.282, "orc_idr": 24.0, "paxg_idr": 79499988.0, "pengu_idr": 187.483, "pepe_idr": 0.070862, "pippin_idr": 442.001, "poly_idr": 303.0, "rss3_idr": 135.0, "sol_idr": 1473716.0, "ton_idr": 32242.0, "trollsol_idr": 850.0, "whitewhale_idr": 117.0, "xaut_idr": 79097596.0, "xrp_idr": 24484.0, "zerebro_idr": 562.0, "zkj_idr": 214.0}