{"btc_idr": 1351997000.0, "ada_idr": 4318.0, "aitech_idr": 240.0, "buildon_idr": 5320.0, "b2_idr": 10936.0, "bio_idr": 1007.0, "br_idr": 2732.0, "chillguy_idr": 253.0, "doge_idr": 1871.0, "drx_idr": 109.88, "eth_idr": 39882000.0, "fartcoin_idr": 3605.0, "hnst_idr": 32.0, "hype_idr": 717959.0, "molt_idr": 0.350082, "nfp_idr": 278.0, "op_idr": 2165.0, "orca_idr": 35846.0, "pengu_idr": 171.977, "pepe_idr": 0.06876, "pippin_idr": 465.452, "sol_idr": 1452618.0, "trollsol_idr": 388.001, "ub_idr": 2650.0, "wlfi_idr": 958.0, "xrp_idr": 24066.0, "zen_idr": 105908.0, "zerebro_idr": 466.0, "zkj_idr": 231.0}