{"btc_idr": 1369974000.0, "alt_idr": 13.0, "anoa_idr": 875810.0, "aura_idr": 310.0, "buildon_idr": 6970.0, "bnkr_idr": 10.75, "doge_idr": 1908.0, "eth_idr": 38266000.0, "fartcoin_idr": 3359.0, "hart_idr": 22.0, "hype_idr": 734751.0, "jellyjelly_idr": 1097.838, "pengu_idr": 147.217, "pepe_idr": 0.065767, "pippin_idr": 426.006, "shib_idr": 0.103889, "siren_idr": 8811.0, "sol_idr": 1511000.0, "sui_idr": 18517.0, "sundog_idr": 114.0, "trollsol_idr": 2021.003, "whitewhale_idr": 127.0, "xrp_idr": 24764.0, "zerebro_idr": 421.0, "zkj_idr": 211.0}