{"btc_idr": 1355995000.0, "aitech_idr": 237.0, "buildon_idr": 5803.0, "b2_idr": 10729.0, "bio_idr": 995.0, "br_idr": 2865.0, "chillguy_idr": 274.0, "doge_idr": 1877.0, "drx_idr": 111.999999, "eth_idr": 40050000.0, "fartcoin_idr": 3587.0, "hnst_idr": 32.0, "hype_idr": 714000.0, "molt_idr": 0.330079, "nfp_idr": 281.0, "op_idr": 2169.0, "orca_idr": 36010.0, "pengu_idr": 171.3, "pepe_idr": 0.068859, "pippin_idr": 449.471, "sol_idr": 1454820.0, "trollsol_idr": 463.009, "ub_idr": 2770.0, "whitewhale_idr": 105.0, "wlfi_idr": 963.0, "xrp_idr": 24065.0, "zen_idr": 107168.0, "zerebro_idr": 440.0, "zkj_idr": 229.0}