{"btc_idr": 1385048000.0, "ada_idr": 4558.0, "buildon_idr": 6172.0, "bio_idr": 797.0, "dar_idr": 260.0, "doge_idr": 1876.0, "dogs_idr": 1.444, "dvi_idr": 2.0, "eth_idr": 39835000.0, "fartcoin_idr": 4191.0, "giga_idr": 43.0, "hmstr_idr": 3.736, "hype_idr": 739399.0, "islm_idr": 232.0, "jto_idr": 10149.0, "lunc_idr": 1.532139, "ondo_idr": 6121.0, "payai_idr": 104.753, "pengu_idr": 177.8, "pepe_idr": 0.072021, "pippin_idr": 427.151, "shib_idr": 0.108659, "siren_idr": 16701.0, "sol_idr": 1528525.0, "sui_idr": 16750.0, "ton_idr": 46624.0, "trollsol_idr": 845.0, "whitewhale_idr": 117.0, "xaut_idr": 81612996.0, "xrp_idr": 24074.0, "zerebro_idr": 630.0}