{"btc_idr": 1116471000.0, "ada_idr": 2986.0, "aih_idr": 782393.0, "asetqu_idr": 500000.0, "beat_idr": 83699.0, "bnb_idr": 10712292.0, "cst_idr": 2149992.0, "dlc_idr": 268.0, "doge_idr": 1537.0, "drx_idr": 52.300002, "eth_idr": 29651000.0, "fartcoin_idr": 2149.0, "gwei_idr": 3030.0, "humanity_idr": 3102.0, "home_idr": 553.0, "hype_idr": 1064547.0, "myx_idr": 4300.0, "ondo_idr": 6456.0, "pepe_idr": 0.049944, "pippin_idr": 398.0, "portal_idr": 287.0, "sahara_idr": 349.0, "skyai_idr": 3390.0, "sol_idr": 1173714.0, "stik_idr": 329.0, "sui_idr": 13601.0, "trollsol_idr": 1320.0, "twelve_idr": 375.0, "wld_idr": 9320.0, "whitewhale_idr": 70.0, "xaut_idr": 77000000.0, "xlm_idr": 3542.0, "xrp_idr": 20604.0, "zerebro_idr": 496.0}