{"btc_idr": 1116269000.0, "ada_idr": 3031.0, "aih_idr": 781388.0, "asetqu_idr": 500000.0, "beat_idr": 82706.0, "cst_idr": 2008503.0, "dlc_idr": 268.0, "doge_idr": 1532.0, "drx_idr": 53.499999, "eth_idr": 29766000.0, "fartcoin_idr": 2137.0, "gwei_idr": 2990.0, "humanity_idr": 3207.0, "home_idr": 594.0, "hype_idr": 1048597.0, "myx_idr": 4290.0, "jellyjelly_idr": 1057.767, "ondo_idr": 6493.0, "pepe_idr": 0.050143, "pippin_idr": 406.847, "portal_idr": 285.0, "sahara_idr": 351.0, "skyai_idr": 3327.0, "sol_idr": 1178315.0, "stik_idr": 330.0, "sui_idr": 13535.0, "trollsol_idr": 1340.896, "twelve_idr": 371.0, "wld_idr": 9177.0, "whitewhale_idr": 69.0, "xaut_idr": 76800000.0, "xlm_idr": 3544.0, "xrp_idr": 20545.0, "zerebro_idr": 495.0}