{"btc_idr": 1159998000.0, "ada_idr": 3117.0, "beat_idr": 76199.0, "dar_idr": 108.0, "dlc_idr": 464.0, "dodo_idr": 848.0, "doge_idr": 1585.0, "drx_idr": 56.999999, "eden_idr": 865.0, "eth_idr": 30787000.0, "fartcoin_idr": 2188.0, "humanity_idr": 10697.0, "home_idr": 575.0, "hype_idr": 1172010.0, "myx_idr": 5132.0, "jellyjelly_idr": 1094.0, "ondo_idr": 6830.0, "pepe_idr": 0.052012, "pippin_idr": 477.929, "pond_idr": 34.484, "portal_idr": 303.0, "siren_idr": 21377.0, "skyai_idr": 4219.0, "sol_idr": 1231460.0, "stik_idr": 435.0, "sui_idr": 13964.0, "trollsol_idr": 1415.0, "ub_idr": 2210.0, "wld_idr": 9887.0, "whitewhale_idr": 83.0, "xlm_idr": 3665.0, "xrp_idr": 21450.0, "zerebro_idr": 458.0}