{"btc_idr": 1368876000.0, "anoa_idr": 888022.0, "aura_idr": 309.0, "bnkr_idr": 9.502, "doge_idr": 1907.0, "eth_idr": 38244000.0, "fartcoin_idr": 3396.0, "hart_idr": 22.0, "hype_idr": 718239.0, "jellyjelly_idr": 1059.215, "pengu_idr": 148.082, "pepe_idr": 0.065745, "pippin_idr": 416.115, "ponke_idr": 705.0, "shib_idr": 0.103793, "siren_idr": 8923.0, "sol_idr": 1516244.0, "sui_idr": 18374.0, "sundog_idr": 118.0, "trollsol_idr": 1822.003, "whitewhale_idr": 113.0, "xrp_idr": 24807.0, "zerebro_idr": 462.0}