{"btc_idr": 1357296000.0, "ada_idr": 4338.0, "aitech_idr": 241.0, "buildon_idr": 6198.0, "b2_idr": 10847.0, "bio_idr": 1011.0, "br_idr": 2943.0, "chillguy_idr": 277.0, "doge_idr": 1878.0, "drx_idr": 108.0, "eth_idr": 40059000.0, "fartcoin_idr": 3590.0, "hnst_idr": 32.0, "hype_idr": 716564.0, "molt_idr": 0.35094, "nfp_idr": 283.0, "op_idr": 2158.0, "orca_idr": 37228.0, "pengu_idr": 172.47, "pepe_idr": 0.068876, "pippin_idr": 460.458, "sol_idr": 1460867.0, "trollsol_idr": 400.003, "ub_idr": 2843.0, "wlfi_idr": 969.0, "xrp_idr": 24068.0, "zen_idr": 108200.0, "zerebro_idr": 469.0, "zkj_idr": 229.0}