{"btc_idr": 1358767000.0, "buildon_idr": 7500.0, "bio_idr": 959.0, "br_idr": 3279.0, "chillguy_idr": 257.0, "doge_idr": 1882.0, "drx_idr": 102.5, "eth_idr": 40100000.0, "fartcoin_idr": 3539.0, "knc_idr": 2897.0, "lunc_idr": 1.479992, "molt_idr": 0.327151, "nfp_idr": 245.0, "nova_idr": 806555.0, "op_idr": 2105.0, "pengu_idr": 170.602, "pepe_idr": 0.068292, "pippin_idr": 442.999, "rss3_idr": 127.0, "sol_idr": 1451295.0, "trollsol_idr": 530.01, "ub_idr": 1872.0, "whitewhale_idr": 104.0, "xrp_idr": 24117.0, "zen_idr": 115000.0, "zerebro_idr": 443.0, "zkj_idr": 212.0}