{"btc_idr": 1383106000.0, "ada_idr": 4533.0, "buildon_idr": 6347.0, "bio_idr": 802.0, "dar_idr": 257.0, "doge_idr": 1848.0, "dogs_idr": 1.444, "dvi_idr": 2.0, "efi_idr": 343.0, "eth_idr": 39600000.0, "fartcoin_idr": 4282.0, "fwog_idr": 129.0, "giga_idr": 42.0, "gwei_idr": 2272.0, "hype_idr": 732571.0, "islm_idr": 307.0, "jto_idr": 10888.0, "ondo_idr": 6257.0, "payai_idr": 92.116, "pengu_idr": 177.467, "pepe_idr": 0.071827, "pippin_idr": 423.0, "shib_idr": 0.108692, "siren_idr": 17816.0, "sol_idr": 1531662.0, "sui_idr": 16742.0, "ton_idr": 47198.0, "trollsol_idr": 801.999, "whitewhale_idr": 118.0, "xaut_idr": 81749998.0, "xrp_idr": 24061.0, "zerebro_idr": 642.0, "zkj_idr": 204.0}