{"btc_idr": 1410000000.0, "ada_idr": 4569.0, "buildon_idr": 7570.0, "br_idr": 3138.0, "celo_idr": 1700.0, "chillguy_idr": 288.0, "doge_idr": 2008.0, "dogs_idr": 1.111, "eth_idr": 41051000.0, "fartcoin_idr": 3945.0, "hive_idr": 1301.0, "hype_idr": 758001.0, "jellyjelly_idr": 938.311, "lunc_idr": 1.997436, "molt_idr": 0.342896, "moodeng_idr": 1095.0, "paxg_idr": 79308095.0, "payai_idr": 160.0, "pengu_idr": 192.0, "pepe_idr": 0.071683, "pippin_idr": 439.532, "poly_idr": 288.0, "rss3_idr": 126.0, "shib_idr": 0.109889, "sol_idr": 1500193.0, "sui_idr": 16843.0, "ton_idr": 34299.0, "trollsol_idr": 755.0, "whitewhale_idr": 119.0, "xaut_idr": 79389998.0, "xrp_idr": 24615.0, "zerebro_idr": 522.0, "zkj_idr": 210.0}