{"btc_idr": 1376005000.0, "alt_idr": 8.0, "aura_idr": 320.0, "cgpt_idr": 656.0, "doge_idr": 1954.0, "eth_idr": 38462000.0, "fartcoin_idr": 3441.0, "hype_idr": 760000.0, "jellyjelly_idr": 1113.111, "molt_idr": 0.352998, "pepe_idr": 0.066423, "pippin_idr": 426.004, "pols_idr": 1536.0, "sol_idr": 1524001.0, "sundog_idr": 112.0, "trollsol_idr": 2160.0, "whitewhale_idr": 114.0, "xrp_idr": 24904.0, "zerebro_idr": 455.0, "zkj_idr": 209.0}