{"btc_idr": 1305041000.0, "aitech_idr": 139.0, "asetqu_idr": 503000.0, "bnb_idr": 11462622.0, "dgb_idr": 92.0, "dodo_idr": 1188.0, "doge_idr": 1774.0, "drx_idr": 82.100269, "eden_idr": 942.0, "edena_idr": 608.0, "eth_idr": 35744000.0, "fartcoin_idr": 2841.0, "hbar_idr": 1766.0, "hype_idr": 1146696.0, "koma_idr": 120.633, "nxa_idr": 24854.0, "ondo_idr": 6305.0, "pepe_idr": 0.060366, "pippin_idr": 335.485, "sol_idr": 1457023.0, "sui_idr": 16129.0, "syn_idr": 1500.0, "tlm_idr": 116.0, "trollsol_idr": 1549.871, "twelve_idr": 394.0, "whitewhale_idr": 100.0, "xlm_idr": 4688.0, "xrp_idr": 23650.0, "zerebro_idr": 414.0}