{"btc_idr": 1349798000.0, "buildon_idr": 6710.0, "b2_idr": 11413.0, "bio_idr": 931.0, "br_idr": 3642.0, "chillguy_idr": 277.0, "doge_idr": 1858.0, "drx_idr": 117.0, "eth_idr": 39705000.0, "fartcoin_idr": 3499.0, "hype_idr": 707000.0, "jellyjelly_idr": 892.001, "knc_idr": 3000.0, "lunc_idr": 1.420612, "molt_idr": 0.3535, "nfp_idr": 253.0, "op_idr": 2100.0, "orca_idr": 36200.0, "pengu_idr": 166.038, "pepe_idr": 0.067849, "pippin_idr": 442.739, "sol_idr": 1446851.0, "trollsol_idr": 479.0, "ub_idr": 2600.0, "whitewhale_idr": 104.0, "wlfi_idr": 980.0, "xrp_idr": 23911.0, "zen_idr": 104055.0, "zerebro_idr": 455.0, "zkj_idr": 218.0}