{"btc_idr": 1155875000.0, "ada_idr": 3116.0, "beat_idr": 77524.0, "dlc_idr": 462.0, "dodo_idr": 982.0, "doge_idr": 1581.0, "drx_idr": 56.000273, "eden_idr": 780.0, "eth_idr": 30867000.0, "fartcoin_idr": 2151.0, "humanity_idr": 2699.0, "home_idr": 524.0, "hype_idr": 1151069.0, "myx_idr": 5008.0, "jellyjelly_idr": 1082.288, "pepe_idr": 0.051544, "pippin_idr": 430.0, "pond_idr": 34.004, "portal_idr": 292.0, "siren_idr": 21273.0, "skyai_idr": 4218.0, "sol_idr": 1223001.0, "stik_idr": 395.0, "sui_idr": 13805.0, "trollsol_idr": 1434.939, "ub_idr": 2243.0, "vex_idr": 40.0, "wld_idr": 9297.0, "whitewhale_idr": 77.0, "xlm_idr": 3726.0, "xrp_idr": 21413.0, "zerebro_idr": 459.0}