{"btc_idr": 1200259000.0, "ada_idr": 3836.0, "aster_idr": 12232.0, "bnb_idr": 11421157.0, "bp_idr": 3673.0, "doge_idr": 1679.0, "drx_idr": 61.999766, "ena_idr": 1729.0, "ern_idr": 7700.0, "eth_idr": 33356000.0, "ever_idr": 129.0, "fartcoin_idr": 2591.0, "humanity_idr": 11313.0, "hype_idr": 1307076.0, "myx_idr": 7497.0, "jellyjelly_idr": 1048.125, "ondo_idr": 7151.0, "pepe_idr": 0.056911, "pieverse_idr": 18579.0, "pippin_idr": 300.663, "pond_idr": 63.55, "portal_idr": 459.0, "shred_idr": 25.0, "skyai_idr": 3201.0, "sol_idr": 1335800.0, "tlm_idr": 104.0, "trollsol_idr": 1358.001, "ub_idr": 2233.0, "wld_idr": 7339.0, "whitewhale_idr": 82.0, "xlm_idr": 4012.0, "xrp_idr": 21979.0, "zerebro_idr": 441.0, "zkj_idr": 155.0, "zora_idr": 229.0}