{"btc_idr": 1179274000.0, "ada_idr": 3176.0, "beat_idr": 72498.0, "bnb_idr": 10993091.0, "dodo_idr": 880.0, "doge_idr": 1567.0, "eth_idr": 31900000.0, "fartcoin_idr": 2296.0, "humanity_idr": 3022.0, "hart_idr": 31.0, "hype_idr": 1185855.0, "myx_idr": 2978.0, "jellyjelly_idr": 1110.0, "ondo_idr": 6562.0, "pengu_idr": 126.228, "pepe_idr": 0.052448, "pippin_idr": 323.998, "puffer_idr": 326.0, "shib_idr": 0.089384, "siren_idr": 926.0, "skyai_idr": 6405.0, "sol_idr": 1316162.0, "sui_idr": 14072.0, "syn_idr": 3480.0, "trollsol_idr": 1403.067, "uai_idr": 5811.0, "wld_idr": 10528.0, "xlm_idr": 3868.0, "xrp_idr": 22031.0, "zerebro_idr": 438.0}