{"btc_idr": 1310245000.0, "anoa_idr": 755110.0, "beat_idr": 18905.0, "doge_idr": 1779.0, "eden_idr": 1056.0, "edena_idr": 851.0, "eth_idr": 35926000.0, "fartcoin_idr": 2912.0, "fun_idr": 17.2, "hart_idr": 17.0, "hbar_idr": 1588.0, "hifi_idr": 71.0, "hype_idr": 1071259.0, "myx_idr": 3727.0, "islm_idr": 180.0, "jellyjelly_idr": 1081.351, "molt_idr": 0.260991, "ondo_idr": 6632.0, "pengu_idr": 138.941, "pepe_idr": 0.060794, "pippin_idr": 340.488, "red2_idr": 80799.0, "skyai_idr": 3327.0, "sol_idr": 1467686.0, "sui_idr": 16646.0, "trollsol_idr": 1314.0, "trx_idr": 6280.0, "whitewhale_idr": 102.0, "xaut_idr": 79714743.0, "xlm_idr": 3700.0, "xrp_idr": 23669.0, "zerebro_idr": 386.0}