{"btc_idr": 1369843000.0, "alt_idr": 9.0, "aura_idr": 313.0, "bnkr_idr": 10.041, "cgpt_idr": 682.0, "doge_idr": 1932.0, "eth_idr": 38302000.0, "fartcoin_idr": 3436.0, "hype_idr": 752441.0, "jellyjelly_idr": 1104.367, "molt_idr": 0.395, "pengu_idr": 148.581, "pepe_idr": 0.066539, "pippin_idr": 426.9, "pols_idr": 1579.0, "shib_idr": 0.103255, "sol_idr": 1526585.0, "sui_idr": 18787.0, "sundog_idr": 111.0, "trollsol_idr": 2064.999, "whitewhale_idr": 116.0, "xrp_idr": 24897.0, "zerebro_idr": 437.0, "zkj_idr": 209.0}