{"btc_idr": 1183201000.0, "ada_idr": 3198.0, "beat_idr": 58077.0, "bnb_idr": 10925004.0, "br_idr": 3030.0, "doge_idr": 1572.0, "eth_idr": 31869000.0, "fartcoin_idr": 2455.0, "humanity_idr": 2755.0, "hype_idr": 1324024.0, "myx_idr": 2950.0, "jellyjelly_idr": 1055.83, "ondo_idr": 6981.0, "pengu_idr": 128.96, "pepe_idr": 0.052972, "pippin_idr": 333.242, "puffer_idr": 364.0, "rvm_idr": 7.0, "shib_idr": 0.08981, "siren_idr": 826.0, "skyai_idr": 7180.0, "sol_idr": 1330289.0, "spx_idr": 6841.0, "sui_idr": 14251.0, "syn_idr": 5600.0, "trollsol_idr": 1268.0, "uai_idr": 5995.0, "wld_idr": 11703.0, "xlm_idr": 3966.0, "xrp_idr": 22049.0, "zerebro_idr": 434.0}