{"btc_idr": 1307334000.0, "aitech_idr": 134.0, "asetqu_idr": 500225.0, "bnb_idr": 11706992.0, "dgb_idr": 79.0, "dodo_idr": 730.0, "doge_idr": 1799.0, "drx_idr": 75.999972, "edena_idr": 603.0, "eth_idr": 35851000.0, "fartcoin_idr": 2863.0, "hbar_idr": 1796.0, "hype_idr": 1159839.0, "inj_idr": 116997.0, "islm_idr": 163.0, "jellyjelly_idr": 1062.674, "koma_idr": 122.601, "nxa_idr": 25187.0, "ondo_idr": 6205.0, "pengu_idr": 142.424, "pepe_idr": 0.060749, "pippin_idr": 341.807, "sol_idr": 1470185.0, "sui_idr": 16260.0, "syn_idr": 1050.0, "tlm_idr": 86.0, "trollsol_idr": 1586.0, "twelve_idr": 384.0, "whitewhale_idr": 100.0, "xlm_idr": 5250.0, "xrp_idr": 24002.0, "zerebro_idr": 418.0}