{"btc_idr": 1393055000.0, "ada_idr": 4556.0, "buildon_idr": 6310.0, "bio_idr": 801.0, "dar_idr": 258.0, "doge_idr": 1874.0, "dogs_idr": 1.48, "dvi_idr": 3.0, "eth_idr": 39893000.0, "fartcoin_idr": 4302.0, "giga_idr": 44.0, "hmstr_idr": 3.737, "hype_idr": 740824.0, "islm_idr": 234.0, "jto_idr": 11242.0, "lunc_idr": 1.560002, "ondo_idr": 6048.0, "payai_idr": 104.71, "pengu_idr": 180.965, "pepe_idr": 0.071988, "pippin_idr": 424.446, "shib_idr": 0.109211, "siren_idr": 18308.0, "sol_idr": 1535873.0, "sui_idr": 16903.0, "ton_idr": 47667.0, "trollsol_idr": 840.0, "whitewhale_idr": 114.0, "xaut_idr": 81500000.0, "xrp_idr": 24156.0, "zerebro_idr": 649.0}