{"btc_idr": 1171167000.0, "ada_idr": 3137.0, "beat_idr": 69098.0, "bnb_idr": 10937467.0, "doge_idr": 1546.0, "eth_idr": 31276000.0, "fartcoin_idr": 2366.0, "humanity_idr": 2901.0, "hype_idr": 1272696.0, "myx_idr": 2897.0, "jellyjelly_idr": 1052.0, "ondo_idr": 6600.0, "pengu_idr": 125.305, "pepe_idr": 0.052146, "pippin_idr": 316.38, "puffer_idr": 369.0, "rvm_idr": 10.0, "shib_idr": 0.088342, "siren_idr": 933.0, "skyai_idr": 6845.0, "sol_idr": 1305845.0, "spx_idr": 6855.0, "sui_idr": 13899.0, "syn_idr": 6600.0, "trollsol_idr": 1311.888, "uai_idr": 5717.0, "wld_idr": 10253.0, "xlm_idr": 3853.0, "xrp_idr": 21724.0, "zerebro_idr": 438.0}