{"btc_idr": 1391199000.0, "buildon_idr": 6465.0, "bio_idr": 997.0, "br_idr": 3565.0, "chillguy_idr": 301.0, "doge_idr": 1924.0, "drx_idr": 92.01, "eth_idr": 40940000.0, "fartcoin_idr": 3610.0, "fwog_idr": 119.0, "giga_idr": 39.0, "gmmt_idr": 61.0, "hype_idr": 723909.0, "jellyjelly_idr": 963.087, "molt_idr": 0.309999, "moodeng_idr": 1061.0, "mubarak_idr": 296.099, "pengu_idr": 174.001, "pepe_idr": 0.069863, "pippin_idr": 441.0, "rss3_idr": 150.0, "sol_idr": 1465884.0, "trollsol_idr": 800.0, "twelve_idr": 388.0, "ub_idr": 2216.0, "whitewhale_idr": 109.0, "xaut_idr": 79185194.0, "xrp_idr": 24261.0, "zerebro_idr": 567.0, "zkj_idr": 219.0}