{"btc_idr": 1372203000.0, "alt_idr": 9.0, "aura_idr": 308.0, "buildon_idr": 6950.0, "bnkr_idr": 10.752, "cgpt_idr": 705.0, "doge_idr": 1931.0, "eth_idr": 38379000.0, "fartcoin_idr": 3421.0, "hart_idr": 22.0, "hype_idr": 749000.0, "jellyjelly_idr": 1095.91, "molt_idr": 0.3729, "pengu_idr": 149.0, "pepe_idr": 0.066551, "pippin_idr": 423.276, "pols_idr": 1539.0, "shib_idr": 0.103085, "siren_idr": 8711.0, "sol_idr": 1525897.0, "sui_idr": 18594.0, "sundog_idr": 110.0, "trollsol_idr": 2105.0, "whitewhale_idr": 121.0, "xrp_idr": 24876.0, "zerebro_idr": 457.0, "zkj_idr": 210.0}