{"btc_idr": 1411006000.0, "ada_idr": 4538.0, "buildon_idr": 7889.0, "br_idr": 3131.0, "celo_idr": 1628.0, "chillguy_idr": 296.0, "doge_idr": 1996.0, "dogs_idr": 1.101, "eth_idr": 41200000.0, "fartcoin_idr": 3911.0, "hive_idr": 1297.0, "hype_idr": 760002.0, "jellyjelly_idr": 938.0, "lunc_idr": 1.993925, "molt_idr": 0.331043, "moodeng_idr": 1110.0, "paxg_idr": 79900000.0, "payai_idr": 133.0, "pengu_idr": 193.043, "pepe_idr": 0.072259, "pippin_idr": 452.6, "poly_idr": 289.0, "shib_idr": 0.1105, "sol_idr": 1504993.0, "sui_idr": 16942.0, "ton_idr": 35350.0, "trollsol_idr": 780.0, "whitewhale_idr": 116.0, "xaut_idr": 79899994.0, "xrp_idr": 24552.0, "zerebro_idr": 520.0, "zkj_idr": 212.0}