{"btc_idr": 1408018000.0, "buildon_idr": 6055.0, "chillguy_idr": 292.0, "doge_idr": 1944.0, "dogs_idr": 1.069, "drx_idr": 98.0, "eth_idr": 41378000.0, "fartcoin_idr": 3638.0, "fwog_idr": 111.0, "giga_idr": 38.0, "hype_idr": 747000.0, "jellyjelly_idr": 954.014, "lunc_idr": 1.779999, "mubarak_idr": 295.001, "orc_idr": 24.0, "pengu_idr": 188.864, "pepe_idr": 0.07056, "pippin_idr": 437.77, "poly_idr": 315.0, "rss3_idr": 135.0, "sol_idr": 1476928.0, "ton_idr": 30266.0, "trollsol_idr": 754.0, "ub_idr": 2126.0, "whitewhale_idr": 116.0, "xaut_idr": 78895500.0, "xrp_idr": 24451.0, "zerebro_idr": 596.0, "zkj_idr": 217.0}