{"btc_idr": 1431861000.0, "ada_idr": 4705.0, "buildon_idr": 7067.0, "bnb_idr": 11277603.0, "br_idr": 2903.0, "chillguy_idr": 331.0, "collat_idr": 41.102, "doge_idr": 2024.0, "dogs_idr": 0.965, "eth_idr": 41893000.0, "fartcoin_idr": 4345.0, "glch_idr": 39.0, "hive_idr": 1174.0, "honey_idr": 38.0, "hype_idr": 774000.0, "io_idr": 2830.0, "jellyjelly_idr": 942.002, "lunc_idr": 1.84, "moodeng_idr": 1142.0, "paxg_idr": 81499105.0, "payai_idr": 141.3, "pengu_idr": 193.032, "pepe_idr": 0.073627, "pippin_idr": 420.576, "shib_idr": 0.112806, "sol_idr": 1557997.0, "sui_idr": 17901.0, "ton_idr": 39579.0, "trollsol_idr": 821.0, "whitewhale_idr": 114.0, "xaut_idr": 81400003.0, "xrp_idr": 25197.0, "zerebro_idr": 601.0, "zkj_idr": 208.0}