{"btc_idr": 1358795000.0, "buildon_idr": 7227.0, "bio_idr": 1090.0, "br_idr": 3320.0, "chillguy_idr": 258.0, "doge_idr": 1874.0, "drx_idr": 95.0, "eth_idr": 40279000.0, "fanc_idr": 24.0, "fartcoin_idr": 3525.0, "gmmt_idr": 62.0, "lunc_idr": 1.400008, "molt_idr": 0.32, "nfp_idr": 242.0, "nova_idr": 613638.0, "op_idr": 2121.0, "pengu_idr": 170.346, "pepe_idr": 0.068289, "pippin_idr": 444.0, "rss3_idr": 110.0, "sol_idr": 1455996.0, "tria_idr": 680.0, "trollsol_idr": 876.0, "ub_idr": 2045.0, "whitewhale_idr": 108.0, "xrp_idr": 24085.0, "zerebro_idr": 456.0, "zkj_idr": 218.0}