{"btc_idr": 1371881000.0, "ada_idr": 4461.0, "anoa_idr": 842999.0, "aura_idr": 302.0, "bnkr_idr": 9.95, "doge_idr": 1917.0, "eth_idr": 38265000.0, "fartcoin_idr": 3394.0, "hart_idr": 22.0, "hype_idr": 722647.0, "myx_idr": 3333.0, "jellyjelly_idr": 1060.718, "pengu_idr": 148.952, "pepe_idr": 0.065866, "pippin_idr": 413.865, "ponke_idr": 717.0, "shib_idr": 0.103103, "siren_idr": 9079.0, "sol_idr": 1511001.0, "sui_idr": 18502.0, "sundog_idr": 121.0, "trollsol_idr": 1889.211, "whitewhale_idr": 108.0, "xaut_idr": 79600000.0, "xrp_idr": 24789.0, "zerebro_idr": 465.0}