{"btc_idr": 1352254000.0, "aitech_idr": 257.0, "buildon_idr": 6091.0, "b2_idr": 11085.0, "bio_idr": 1031.0, "br_idr": 2953.0, "chillguy_idr": 242.0, "doge_idr": 1868.0, "drx_idr": 108.55, "eth_idr": 39840000.0, "fartcoin_idr": 3536.0, "hype_idr": 717987.0, "molt_idr": 0.384896, "nfp_idr": 290.0, "orca_idr": 37031.0, "pengu_idr": 172.459, "pepe_idr": 0.067805, "pippin_idr": 456.0, "sol_idr": 1452000.0, "sto_idr": 1552.0, "trollsol_idr": 377.035, "ub_idr": 2430.0, "whitewhale_idr": 112.0, "wlfi_idr": 947.0, "xr_idr": 109.0, "xrp_idr": 24048.0, "zerebro_idr": 515.0, "zkj_idr": 229.0}