{"btc_idr": 1112218000.0, "ada_idr": 3003.0, "aih_idr": 778553.0, "asetqu_idr": 500000.0, "beat_idr": 82584.0, "cst_idr": 2149875.0, "dlc_idr": 267.0, "doge_idr": 1528.0, "drx_idr": 52.706873, "eth_idr": 29706000.0, "fartcoin_idr": 2148.0, "gwei_idr": 2949.0, "humanity_idr": 3050.0, "home_idr": 588.0, "hype_idr": 1051086.0, "myx_idr": 4335.0, "jellyjelly_idr": 1067.0, "ondo_idr": 6490.0, "pepe_idr": 0.049858, "pippin_idr": 411.402, "portal_idr": 289.0, "sahara_idr": 343.0, "skyai_idr": 3302.0, "sol_idr": 1168712.0, "stik_idr": 335.0, "sui_idr": 13500.0, "trollsol_idr": 1300.002, "twelve_idr": 373.0, "wld_idr": 9227.0, "whitewhale_idr": 68.0, "xaut_idr": 77272523.0, "xlm_idr": 3499.0, "xrp_idr": 20428.0, "zerebro_idr": 501.0}