{"btc_idr": 1186866000.0, "ada_idr": 3684.0, "avnt_idr": 2557.0, "bnb_idr": 11354626.0, "bp_idr": 5048.0, "dexe_idr": 321904.0, "dodo_idr": 1294.0, "doge_idr": 1671.0, "drx_idr": 66.100017, "eden_idr": 920.0, "ena_idr": 2056.0, "eth_idr": 33196000.0, "ever_idr": 106.0, "fartcoin_idr": 2629.0, "humanity_idr": 10663.0, "hype_idr": 1349613.0, "myx_idr": 4504.0, "jellyjelly_idr": 1133.184, "near_idr": 51898.0, "ondo_idr": 7697.0, "pepe_idr": 0.057217, "pippin_idr": 306.971, "portal_idr": 360.0, "sapien_idr": 1632.0, "skyai_idr": 2956.0, "sol_idr": 1312855.0, "sto_idr": 1281.0, "syn_idr": 2177.0, "trollsol_idr": 1390.0, "ub_idr": 1950.0, "wld_idr": 9802.0, "whitewhale_idr": 81.0, "xlm_idr": 3846.0, "xrp_idr": 21992.0, "zen_idr": 96101.0, "zerebro_idr": 432.0, "zora_idr": 202.548}