{"btc_idr": 1418848000.0, "ada_idr": 4497.0, "buildon_idr": 7115.0, "br_idr": 3200.0, "celo_idr": 1841.0, "chillguy_idr": 306.0, "doge_idr": 1975.0, "dogs_idr": 1.065, "eth_idr": 41261000.0, "fartcoin_idr": 3929.0, "hive_idr": 1289.0, "hype_idr": 771850.0, "jellyjelly_idr": 950.416, "lunc_idr": 1.960033, "moodeng_idr": 1099.0, "paxg_idr": 79150064.0, "payai_idr": 162.202, "pengu_idr": 198.748, "pepe_idr": 0.071053, "pippin_idr": 441.0, "poly_idr": 293.0, "rss3_idr": 121.0, "shib_idr": 0.109653, "sol_idr": 1491999.0, "sui_idr": 16769.0, "ton_idr": 32501.0, "trollsol_idr": 774.001, "whitewhale_idr": 120.0, "xaut_idr": 79250000.0, "xrp_idr": 24548.0, "zerebro_idr": 525.0, "zkj_idr": 212.0}