{"btc_idr": 1372994000.0, "anoa_idr": 815014.0, "aura_idr": 305.0, "buildon_idr": 6950.0, "bnkr_idr": 10.096, "doge_idr": 1920.0, "eth_idr": 38206000.0, "fartcoin_idr": 3414.0, "hart_idr": 23.0, "hype_idr": 720412.0, "jellyjelly_idr": 1104.044, "pengu_idr": 148.45, "pepe_idr": 0.066461, "pippin_idr": 427.0, "shib_idr": 0.103889, "siren_idr": 9049.0, "sol_idr": 1524168.0, "sui_idr": 18688.0, "sundog_idr": 119.0, "trollsol_idr": 2079.935, "whitewhale_idr": 116.0, "xrp_idr": 24824.0, "zerebro_idr": 462.0, "zkj_idr": 214.0}