{"btc_idr": 1353646000.0, "buildon_idr": 7649.0, "b2_idr": 11203.0, "bio_idr": 901.0, "br_idr": 3550.0, "chillguy_idr": 260.0, "doge_idr": 1869.0, "drx_idr": 107.400006, "eth_idr": 39910000.0, "fartcoin_idr": 3522.0, "hype_idr": 706798.0, "knc_idr": 2937.0, "lunc_idr": 1.450025, "molt_idr": 0.349112, "nfp_idr": 248.0, "op_idr": 2105.0, "orca_idr": 35366.0, "pengu_idr": 169.789, "pepe_idr": 0.06798, "pippin_idr": 447.0, "rss3_idr": 136.0, "sol_idr": 1451382.0, "trollsol_idr": 500.1, "ub_idr": 2230.0, "whitewhale_idr": 107.0, "xrp_idr": 23975.0, "zen_idr": 106598.0, "zerebro_idr": 456.0, "zkj_idr": 218.0}