{"btc_idr": 1392999000.0, "buildon_idr": 7630.0, "bio_idr": 1021.0, "br_idr": 3610.0, "chillguy_idr": 282.0, "doge_idr": 1923.0, "drx_idr": 95.89, "eth_idr": 40935000.0, "fartcoin_idr": 3624.0, "fwog_idr": 125.0, "giga_idr": 41.0, "gmmt_idr": 61.0, "hype_idr": 717240.0, "jellyjelly_idr": 940.0, "molt_idr": 0.309997, "moodeng_idr": 1068.0, "mubarak_idr": 303.0, "pengu_idr": 174.673, "pepe_idr": 0.07019, "pippin_idr": 439.1, "rss3_idr": 138.0, "sol_idr": 1469998.0, "trollsol_idr": 853.0, "twelve_idr": 374.0, "ub_idr": 2307.0, "whitewhale_idr": 110.0, "xaut_idr": 79185194.0, "xrp_idr": 24354.0, "zerebro_idr": 559.0, "zkj_idr": 220.0}