{"btc_idr": 1308655000.0, "anoa_idr": 764190.0, "beat_idr": 22691.0, "doge_idr": 1747.0, "eden_idr": 1078.0, "edena_idr": 899.0, "eth_idr": 35437000.0, "fartcoin_idr": 2855.0, "fun_idr": 16.898, "hifi_idr": 77.0, "hype_idr": 1016300.0, "myx_idr": 3742.0, "islm_idr": 187.0, "jellyjelly_idr": 1098.581, "molt_idr": 0.265601, "ondo_idr": 6421.0, "pengu_idr": 139.104, "pepe_idr": 0.059405, "pippin_idr": 345.9, "pols_idr": 1522.0, "red2_idr": 77657.0, "skyai_idr": 3236.0, "sol_idr": 1440000.0, "sui_idr": 16296.0, "trollsol_idr": 1200.003, "trx_idr": 6223.0, "whitewhale_idr": 99.0, "xaut_idr": 78190082.0, "xlm_idr": 3218.0, "xrp_idr": 22954.0, "zerebro_idr": 395.0}