{"btc_idr": 1418493000.0, "ada_idr": 4591.0, "buildon_idr": 7534.0, "br_idr": 2970.0, "celo_idr": 1690.0, "chillguy_idr": 305.0, "doge_idr": 2019.0, "dogs_idr": 0.95, "eth_idr": 41306000.0, "fartcoin_idr": 4077.0, "glch_idr": 39.0, "hifi_idr": 69.0, "hive_idr": 1164.0, "honey_idr": 42.0, "hype_idr": 767126.0, "jellyjelly_idr": 943.012, "lunc_idr": 1.905001, "molt_idr": 0.316996, "moodeng_idr": 1112.0, "paxg_idr": 80700000.0, "payai_idr": 129.025, "pengu_idr": 192.518, "pepe_idr": 0.073747, "pippin_idr": 404.717, "shib_idr": 0.11154, "sol_idr": 1528000.0, "sui_idr": 17342.0, "ton_idr": 36699.0, "trollsol_idr": 850.0, "whitewhale_idr": 114.0, "xaut_idr": 80543935.0, "xrp_idr": 24930.0, "zerebro_idr": 548.0, "zkj_idr": 203.0}