{"btc_idr": 1417052000.0, "ada_idr": 4874.0, "aih_idr": 736700.0, "asetqu_idr": 500015.0, "aura_idr": 533.0, "bio_idr": 889.0, "bnb_idr": 11485000.0, "brett_idr": 185.0, "doge_idr": 1938.0, "eth_idr": 40911000.0, "fartcoin_idr": 4523.0, "giga_idr": 61.0, "hbar_idr": 1684.0, "hype_idr": 748645.0, "myx_idr": 4560.0, "islm_idr": 229.0, "jellyjelly_idr": 1060.522, "kdag_idr": 17.0, "moodeng_idr": 1150.0, "ondo_idr": 7315.0, "pengu_idr": 183.435, "pepe_idr": 0.076143, "pippin_idr": 449.727, "ponke_idr": 689.0, "rfc_idr": 18.0, "rss3_idr": 223.0, "shib_idr": 0.114788, "sol_idr": 1664976.0, "solayer_idr": 2109.0, "sui_idr": 22651.0, "sundog_idr": 110.0, "ton_idr": 42960.0, "trollsol_idr": 2065.007, "whitewhale_idr": 126.0, "xaut_idr": 79800000.0, "xrp_idr": 25492.0, "zerebro_idr": 906.0, "zkj_idr": 220.0, "zora_idr": 242.0}