{"btc_idr": 1373494000.0, "alt_idr": 7.0, "aura_idr": 310.0, "cgpt_idr": 636.0, "doge_idr": 1939.0, "eden_idr": 959.0, "eth_idr": 38364000.0, "fartcoin_idr": 3406.0, "hype_idr": 811352.0, "jellyjelly_idr": 1074.642, "kaia_idr": 953.0, "molt_idr": 0.349592, "pepe_idr": 0.065635, "pippin_idr": 423.03, "sol_idr": 1520057.0, "sui_idr": 18839.0, "sundog_idr": 112.0, "trollsol_idr": 2169.998, "ub_idr": 3001.0, "whitewhale_idr": 120.0, "xrp_idr": 24883.0, "zerebro_idr": 439.0}