{"btc_idr": 1363212000.0, "buildon_idr": 7021.0, "bio_idr": 1056.0, "br_idr": 3397.0, "chillguy_idr": 252.0, "doge_idr": 1868.0, "drx_idr": 95.000037, "eth_idr": 40350000.0, "fanc_idr": 24.0, "fartcoin_idr": 3542.0, "gmmt_idr": 65.0, "lunc_idr": 1.41, "molt_idr": 0.3074, "nfp_idr": 241.0, "nova_idr": 604995.0, "op_idr": 2125.0, "pengu_idr": 170.748, "pepe_idr": 0.068217, "pippin_idr": 443.533, "rss3_idr": 108.0, "sol_idr": 1457898.0, "tria_idr": 670.249, "trollsol_idr": 794.994, "ub_idr": 2082.0, "whitewhale_idr": 110.0, "xrp_idr": 24071.0, "zerebro_idr": 444.0, "zkj_idr": 220.0}