{"btc_idr": 1203999000.0, "ada_idr": 3871.0, "aster_idr": 12014.0, "bnb_idr": 11825835.0, "doge_idr": 1690.0, "drx_idr": 64.299998, "ern_idr": 7014.0, "eth_idr": 34230000.0, "ever_idr": 129.0, "fartcoin_idr": 2575.0, "humanity_idr": 11260.0, "hart_idr": 30.0, "home_idr": 877.0, "hype_idr": 1273254.0, "myx_idr": 6219.0, "jellyjelly_idr": 1067.95, "nfp_idr": 177.0, "ondo_idr": 6745.0, "pengu_idr": 127.009, "pepe_idr": 0.057028, "pippin_idr": 305.001, "pond_idr": 67.0, "portal_idr": 481.0, "shred_idr": 26.0, "siren_idr": 9933.0, "skyai_idr": 2744.0, "sol_idr": 1362011.0, "tlm_idr": 93.0, "trollsol_idr": 1270.004, "ub_idr": 2308.0, "wld_idr": 7274.0, "whitewhale_idr": 84.0, "xlm_idr": 3907.0, "xrp_idr": 21927.0, "zerebro_idr": 432.0, "zkj_idr": 157.0, "zora_idr": 220.105}