{"btc_idr": 1111342000.0, "beat_idr": 125445.0, "bnb_idr": 10623022.0, "doge_idr": 1500.0, "drx_idr": 60.500008, "eth_idr": 29280000.0, "fartcoin_idr": 2010.0, "gwei_idr": 3141.0, "humanity_idr": 3211.0, "hmstr_idr": 4.722, "home_idr": 609.0, "hype_idr": 962372.0, "myro_idr": 78.0, "jellyjelly_idr": 986.897, "kdag_idr": 14.0, "paxg_idr": 76886000.0, "pepe_idr": 0.048642, "pippin_idr": 376.001, "red2_idr": 49000.0, "sahara_idr": 295.0, "siren_idr": 13637.0, "skyai_idr": 3189.0, "sol_idr": 1139840.0, "stg_idr": 7892.0, "stik_idr": 323.0, "twelve_idr": 396.0, "ub_idr": 2512.0, "wld_idr": 8142.0, "xaut_idr": 73284847.0, "xlm_idr": 3327.0, "xrp_idr": 19840.0, "zerebro_idr": 471.0}