{"btc_idr": 1196483000.0, "ada_idr": 3813.0, "aster_idr": 12002.0, "bnb_idr": 11629839.0, "doge_idr": 1660.0, "drx_idr": 64.000028, "ena_idr": 1680.0, "ern_idr": 6951.0, "eth_idr": 33329000.0, "ever_idr": 124.0, "fartcoin_idr": 2423.0, "humanity_idr": 12033.0, "hart_idr": 29.0, "home_idr": 838.0, "hype_idr": 1250753.0, "myx_idr": 6228.0, "jellyjelly_idr": 1059.693, "nfp_idr": 169.0, "ondo_idr": 6937.0, "pepe_idr": 0.055647, "pieverse_idr": 19007.0, "pippin_idr": 292.001, "pond_idr": 70.516, "portal_idr": 461.0, "shred_idr": 26.0, "siren_idr": 10000.0, "skyai_idr": 2737.0, "sol_idr": 1330905.0, "tlm_idr": 106.0, "trollsol_idr": 1258.0, "ub_idr": 2270.0, "wld_idr": 6819.0, "whitewhale_idr": 83.0, "xlm_idr": 3997.0, "xrp_idr": 21691.0, "zerebro_idr": 450.0, "zkj_idr": 156.0, "zora_idr": 213.939}