{"btc_idr": 1147920000.0, "beat_idr": 159152.0, "br_idr": 2636.0, "dar_idr": 95.0, "dlc_idr": 161.0, "doge_idr": 1549.0, "eth_idr": 30125000.0, "fartcoin_idr": 2101.0, "humanity_idr": 3397.0, "hart_idr": 33.0, "hmstr_idr": 4.82, "home_idr": 563.0, "hype_idr": 1067712.0, "spaceid_idr": 610.0, "jellyjelly_idr": 1052.252, "pepe_idr": 0.050326, "pippin_idr": 383.6, "shib_idr": 0.086509, "siren_idr": 10853.0, "skyai_idr": 4580.0, "sol_idr": 1205567.0, "stg_idr": 12048.0, "stik_idr": 293.0, "sui_idr": 13594.0, "twelve_idr": 374.0, "ub_idr": 2669.0, "wld_idr": 9057.0, "xaut_idr": 75832810.0, "xrp_idr": 20566.0, "zerebro_idr": 486.0}