{"btc_idr": 1390555000.0, "ada_idr": 4706.0, "aster_idr": 12200.0, "aura_idr": 467.0, "buildon_idr": 6799.0, "bio_idr": 873.0, "bnb_idr": 11230476.0, "doge_idr": 1875.0, "eth_idr": 39944000.0, "fartcoin_idr": 4293.0, "myro_idr": 67.0, "myx_idr": 4825.0, "islm_idr": 251.0, "molt_idr": 0.315722, "moodeng_idr": 1125.0, "ondo_idr": 7284.0, "payai_idr": 125.0, "pengu_idr": 182.079, "pepe_idr": 0.073806, "pippin_idr": 439.0, "rss3_idr": 210.0, "sahara_idr": 663.0, "sol_idr": 1610860.0, "strk_idr": 933.0, "sui_idr": 18186.0, "trollsol_idr": 959.317, "whitewhale_idr": 124.0, "xrp_idr": 24564.0, "zerebro_idr": 820.0, "zkj_idr": 220.0}