{"btc_idr": 1419145000.0, "ada_idr": 4580.0, "buildon_idr": 7064.0, "br_idr": 3123.0, "celo_idr": 1700.0, "chillguy_idr": 300.0, "doge_idr": 1979.0, "dogs_idr": 1.094, "eth_idr": 41343000.0, "fartcoin_idr": 4022.0, "hive_idr": 1289.0, "hype_idr": 774624.0, "jellyjelly_idr": 945.0, "lunc_idr": 1.970357, "molt_idr": 0.330039, "moodeng_idr": 1095.0, "paxg_idr": 79382973.0, "payai_idr": 149.0, "pengu_idr": 191.236, "pepe_idr": 0.072541, "pippin_idr": 442.0, "poly_idr": 282.0, "rss3_idr": 122.0, "shib_idr": 0.110601, "sol_idr": 1505002.0, "sui_idr": 16996.0, "ton_idr": 33970.0, "trollsol_idr": 765.327, "trx_idr": 6012.0, "whitewhale_idr": 117.0, "xaut_idr": 79230000.0, "xrp_idr": 24617.0, "zerebro_idr": 523.0, "zkj_idr": 212.0}