{"btc_idr": 1398232000.0, "ada_idr": 4809.0, "aih_idr": 741527.0, "asetqu_idr": 500015.0, "aura_idr": 516.0, "bio_idr": 899.0, "bnb_idr": 11318132.0, "brett_idr": 172.0, "doge_idr": 1873.0, "eth_idr": 40407000.0, "fartcoin_idr": 4436.0, "giga_idr": 62.0, "hbar_idr": 1662.0, "hype_idr": 735492.0, "myx_idr": 4460.0, "islm_idr": 226.0, "jellyjelly_idr": 1000.0, "kdag_idr": 17.0, "moodeng_idr": 1135.0, "ondo_idr": 7077.0, "pengu_idr": 180.998, "pepe_idr": 0.075007, "pippin_idr": 438.942, "ponke_idr": 702.0, "rfc_idr": 16.645, "rss3_idr": 232.0, "shib_idr": 0.112562, "sol_idr": 1648087.0, "solayer_idr": 2140.0, "sui_idr": 22846.0, "sundog_idr": 108.0, "ton_idr": 40393.0, "trollsol_idr": 1800.0, "whitewhale_idr": 123.0, "xrp_idr": 25088.0, "zerebro_idr": 848.0, "zkj_idr": 217.0, "zora_idr": 240.789}