{"btc_idr": 1404000000.0, "ada_idr": 4623.0, "buildon_idr": 5888.0, "bio_idr": 840.0, "dar_idr": 258.0, "doge_idr": 1930.0, "dogs_idr": 1.479, "eth_idr": 40366000.0, "fartcoin_idr": 4373.0, "giga_idr": 44.0, "hype_idr": 750117.0, "io_idr": 2609.0, "lunc_idr": 1.69093, "moodeng_idr": 1111.0, "payai_idr": 106.0, "pengu_idr": 182.381, "pepe_idr": 0.072727, "pippin_idr": 433.6, "shib_idr": 0.109698, "siren_idr": 19384.0, "sol_idr": 1549417.0, "sui_idr": 17210.0, "ton_idr": 43941.0, "trollsol_idr": 853.0, "whitewhale_idr": 115.0, "xaut_idr": 81950007.0, "xrp_idr": 24504.0, "zerebro_idr": 659.0, "zkj_idr": 205.0}