{"btc_idr": 1416001000.0, "ada_idr": 4655.0, "buildon_idr": 5506.0, "collat_idr": 42.844, "doge_idr": 1959.0, "dogs_idr": 1.011, "eth_idr": 40908000.0, "fartcoin_idr": 4408.0, "glch_idr": 39.0, "honey_idr": 39.0, "hype_idr": 750258.0, "io_idr": 2636.0, "jellyjelly_idr": 925.184, "lunc_idr": 1.781723, "moodeng_idr": 1129.0, "payai_idr": 112.929, "pengu_idr": 186.389, "pepe_idr": 0.072053, "pippin_idr": 424.1, "shib_idr": 0.112024, "sol_idr": 1552500.0, "sui_idr": 17378.0, "ton_idr": 42458.0, "trollsol_idr": 904.0, "whitewhale_idr": 114.0, "xaut_idr": 81100028.0, "xrp_idr": 24752.0, "zerebro_idr": 711.0, "zkj_idr": 206.0}