{"btc_idr": 1151327000.0, "ada_idr": 3127.0, "beat_idr": 77415.0, "dlc_idr": 461.0, "dodo_idr": 923.0, "doge_idr": 1577.0, "drx_idr": 56.20071, "eth_idr": 30942000.0, "fartcoin_idr": 2137.0, "humanity_idr": 1985.0, "home_idr": 539.0, "hype_idr": 1163865.0, "myx_idr": 5016.0, "jellyjelly_idr": 1065.0, "pepe_idr": 0.051345, "pippin_idr": 458.0, "portal_idr": 290.0, "siren_idr": 21377.0, "skyai_idr": 4131.0, "sol_idr": 1216926.0, "stik_idr": 380.0, "sui_idr": 13756.0, "trollsol_idr": 1401.886, "ub_idr": 2296.0, "wld_idr": 9026.0, "whitewhale_idr": 75.0, "xlm_idr": 3722.0, "xrp_idr": 21351.0, "zerebro_idr": 463.0}