{"btc_idr": 1210976000.0, "ada_idr": 3895.0, "bnb_idr": 11605030.0, "bp_idr": 5198.0, "dodo_idr": 1667.0, "doge_idr": 1687.0, "drx_idr": 64.999998, "ena_idr": 1846.0, "ern_idr": 8443.0, "eth_idr": 33881000.0, "ever_idr": 120.0, "fartcoin_idr": 2638.0, "humanity_idr": 10805.0, "hype_idr": 1297486.0, "myx_idr": 7050.0, "jellyjelly_idr": 1098.501, "ondo_idr": 7518.0, "pepe_idr": 0.058046, "pieverse_idr": 18905.0, "pippin_idr": 305.393, "pond_idr": 70.0, "portal_idr": 437.0, "skyai_idr": 2548.0, "sol_idr": 1354802.0, "tlm_idr": 105.0, "trollsol_idr": 1446.999, "ub_idr": 2060.0, "wld_idr": 8599.0, "whitewhale_idr": 84.0, "xlm_idr": 4060.0, "xrp_idr": 22334.0, "zerebro_idr": 429.0, "zkj_idr": 158.0, "zora_idr": 241.69}