{"btc_idr": 1358800000.0, "buildon_idr": 7230.0, "bio_idr": 1015.0, "br_idr": 3252.0, "chillguy_idr": 252.0, "doge_idr": 1871.0, "drx_idr": 94.7, "eth_idr": 40154000.0, "fanc_idr": 24.0, "fartcoin_idr": 3479.0, "gmmt_idr": 60.0, "lunc_idr": 1.46, "molt_idr": 0.315008, "nfp_idr": 242.0, "nova_idr": 675967.0, "op_idr": 2099.0, "pengu_idr": 166.0, "pepe_idr": 0.068003, "pippin_idr": 441.6, "rss3_idr": 112.0, "sol_idr": 1453004.0, "tria_idr": 714.576, "trollsol_idr": 705.0, "ub_idr": 1943.0, "whitewhale_idr": 106.0, "xrp_idr": 24102.0, "zen_idr": 114800.0, "zerebro_idr": 435.0, "zkj_idr": 218.0}